Country;Date;Value;;;;;;;;;;;;;
Afghanistan;2004;9,81;;;;;;;;;;;;;
Afghanistan;2005;9,95;;;;;;;;;;;;;
Afghanistan;2006;10,62;;;;;;;;;;;;;
Afghanistan;2007;9,90;;;;;;;;;;;;;
Afghanistan;2008;10,26;;;;;;;;;;;;;
Afghanistan;2009;9,82;;;;;;;;;;;;;
Afghanistan;2010;8,57;;;;;;;;;;;;;
Afghanistan;2011;8,56;;;;;;;;;;;;;
Afghanistan;2012;7,90;;;;;;;;;;;;;
Afghanistan;2013;8,81;;;;;;;;;;;;;
Afghanistan;2014;9,53;;;;;;;;;;;;;
Afghanistan;2015;10,11;;;;;;;;;;;;;
Afghanistan;2016;10,96;;;;;;;;;;;;;
Afghanistan;2017;11,78;;;;;;;;;;;;;
Albania;2004;6,77;;;;;;;;;;;;;
Albania;2005;6,34;;;;;;;;;;;;;
Albania;2006;6,01;;;;;;;;;;;;;
Albania;2007;6,32;;;;;;;;;;;;;
Albania;2008;5,14;;;;;;;;;;;;;
Albania;2009;4,60;;;;;;;;;;;;;
Albania;2010;4,75;;;;;;;;;;;;;
Albania;2011;4,80;;;;;;;;;;;;;
Albania;2012;5,06;;;;;;;;;;;;;
Albania;2013;5,39;;;;;;;;;;;;;
Albania;2014;5,50;;;;;;;;;;;;;
Albania;2015;4,90;;;;;;;;;;;;;
Albania;2016;4,92;;;;;;;;;;;;;
Albania;2017;5,01;;;;;;;;;;;;;
Algeria;2004;3,54;;;;;;;;;;;;;
Algeria;2005;3,24;;;;;;;;;;;;;
Algeria;2006;3,36;;;;;;;;;;;;;
Algeria;2007;3,82;;;;;;;;;;;;;
Algeria;2008;4,20;;;;;;;;;;;;;
Algeria;2009;5,36;;;;;;;;;;;;;
Algeria;2010;5,12;;;;;;;;;;;;;
Algeria;2011;5,27;;;;;;;;;;;;;
Algeria;2012;6,00;;;;;;;;;;;;;
Algeria;2013;6,04;;;;;;;;;;;;;
Algeria;2014;6,55;;;;;;;;;;;;;
Algeria;2015;6,98;;;;;;;;;;;;;
Algeria;2016;6,61;;;;;;;;;;;;;
Algeria;2017;6,38;;;;;;;;;;;;;
Andora;2004;5,28;;;;;;;;;;;;;
Andora;2005;5,58;;;;;;;;;;;;;
Andora;2006;4,94;;;;;;;;;;;;;
Andora;2007;4,93;;;;;;;;;;;;;
Andora;2008;5,81;;;;;;;;;;;;;
Andora;2009;6,20;;;;;;;;;;;;;
Andora;2010;6,65;;;;;;;;;;;;;
Andora;2011;6,25;;;;;;;;;;;;;
Andora;2012;6,10;;;;;;;;;;;;;
Andora;2013;5,99;;;;;;;;;;;;;
Andora;2014;5,98;;;;;;;;;;;;;
Andora;2015;6,23;;;;;;;;;;;;;
Andora;2016;6,34;;;;;;;;;;;;;
Andora;2017;6,54;;;;;;;;;;;;;
Angola;2004;3,97;;;;;;;;;;;;;
Angola;2005;2,85;;;;;;;;;;;;;
Angola;2006;2,69;;;;;;;;;;;;;
Angola;2007;2,97;;;;;;;;;;;;;
Angola;2008;3,32;;;;;;;;;;;;;
Angola;2009;3,84;;;;;;;;;;;;;
Angola;2010;2,70;;;;;;;;;;;;;
Angola;2011;2,65;;;;;;;;;;;;;
Angola;2012;2,40;;;;;;;;;;;;;
Angola;2013;2,73;;;;;;;;;;;;;
Angola;2014;2,43;;;;;;;;;;;;;
Angola;2015;2,61;;;;;;;;;;;;;
Angola;2016;2,71;;;;;;;;;;;;;
Angola;2017;2,79;;;;;;;;;;;;;
Antigua and Barbuda;2004;5,12;;;;;;;;;;;;;
Antigua and Barbuda;2005;4,99;;;;;;;;;;;;;
Antigua and Barbuda;2006;4,63;;;;;;;;;;;;;
Antigua and Barbuda;2007;4,45;;;;;;;;;;;;;
Antigua and Barbuda;2008;4,20;;;;;;;;;;;;;
Antigua and Barbuda;2009;4,19;;;;;;;;;;;;;
Antigua and Barbuda;2010;5,38;;;;;;;;;;;;;
Antigua and Barbuda;2011;5,44;;;;;;;;;;;;;
Antigua and Barbuda;2012;5,48;;;;;;;;;;;;;
Antigua and Barbuda;2013;5,51;;;;;;;;;;;;;
Antigua and Barbuda;2014;5,87;;;;;;;;;;;;;
Antigua and Barbuda;2015;5,28;;;;;;;;;;;;;
Antigua and Barbuda;2016;5,12;;;;;;;;;;;;;
Antigua and Barbuda;2017;5,17;;;;;;;;;;;;;
Argentina;2004;7,23;;;;;;;;;;;;;
Argentina;2005;7,61;;;;;;;;;;;;;
Argentina;2006;7,64;;;;;;;;;;;;;
Argentina;2007;7,83;;;;;;;;;;;;;
Argentina;2008;8,18;;;;;;;;;;;;;
Argentina;2009;9,46;;;;;;;;;;;;;
Argentina;2010;9,45;;;;;;;;;;;;;
Argentina;2011;9,42;;;;;;;;;;;;;
Argentina;2012;9,83;;;;;;;;;;;;;
Argentina;2013;9,78;;;;;;;;;;;;;
Argentina;2014;9,67;;;;;;;;;;;;;
Argentina;2015;10,23;;;;;;;;;;;;;
Argentina;2016;9,00;;;;;;;;;;;;;
Argentina;2017;10,46;;;;;;;;;;;;;
Armenia;2004;6,06;;;;;;;;;;;;;
Armenia;2005;5,86;;;;;;;;;;;;;
Armenia;2006;5,85;;;;;;;;;;;;;
Armenia;2007;5,50;;;;;;;;;;;;;
Armenia;2008;6,64;;;;;;;;;;;;;
Armenia;2009;8,44;;;;;;;;;;;;;
Armenia;2010;9,24;;;;;;;;;;;;;
Armenia;2011;9,38;;;;;;;;;;;;;
Armenia;2012;9,13;;;;;;;;;;;;;
Armenia;2013;10,32;;;;;;;;;;;;;
Armenia;2014;10,18;;;;;;;;;;;;;
Armenia;2015;10,12;;;;;;;;;;;;;
Armenia;2016;9,95;;;;;;;;;;;;;
Armenia;2017;10,36;;;;;;;;;;;;;
Australia;2004;8,11;;;;;;;;;;;;;
Australia;2005;7,99;;;;;;;;;;;;;
Australia;2006;7,99;;;;;;;;;;;;;
Australia;2007;8,07;;;;;;;;;;;;;
Australia;2008;8,26;;;;;;;;;;;;;
Australia;2009;8,56;;;;;;;;;;;;;
Australia;2010;8,43;;;;;;;;;;;;;
Australia;2011;8,54;;;;;;;;;;;;;
Australia;2012;8,68;;;;;;;;;;;;;
Australia;2013;8,76;;;;;;;;;;;;;
Australia;2014;9,04;;;;;;;;;;;;;
Australia;2015;9,32;;;;;;;;;;;;;
Australia;2016;9,20;;;;;;;;;;;;;
Australia;2017;9,21;;;;;;;;;;;;;
Austria;2004;9,71;;;;;;;;;;;;;
Austria;2005;9,63;;;;;;;;;;;;;
Austria;2006;9,53;;;;;;;;;;;;;
Austria;2007;9,53;;;;;;;;;;;;;
Austria;2008;9,73;;;;;;;;;;;;;
Austria;2009;10,23;;;;;;;;;;;;;
Austria;2010;10,22;;;;;;;;;;;;;
Austria;2011;10,03;;;;;;;;;;;;;
Austria;2012;10,20;;;;;;;;;;;;;
Austria;2013;10,29;;;;;;;;;;;;;
Austria;2014;10,37;;;;;;;;;;;;;
Austria;2015;10,37;;;;;;;;;;;;;
Austria;2016;10,35;;;;;;;;;;;;;
Austria;2017;10,38;;;;;;;;;;;;;
Azerbaijan;2004;2,67;;;;;;;;;;;;;
Azerbaijan;2005;2,26;;;;;;;;;;;;;
Azerbaijan;2006;2,07;;;;;;;;;;;;;
Azerbaijan;2007;1,99;;;;;;;;;;;;;
Azerbaijan;2008;1,94;;;;;;;;;;;;;
Azerbaijan;2009;2,61;;;;;;;;;;;;;
Azerbaijan;2010;2,49;;;;;;;;;;;;;
Azerbaijan;2011;2,45;;;;;;;;;;;;;
Azerbaijan;2012;2,96;;;;;;;;;;;;;
Azerbaijan;2013;3,04;;;;;;;;;;;;;
Azerbaijan;2014;3,38;;;;;;;;;;;;;
Azerbaijan;2015;4,11;;;;;;;;;;;;;
Azerbaijan;2016;4,04;;;;;;;;;;;;;
Azerbaijan;2017;3,74;;;;;;;;;;;;;
Bahamas;2004;4,05;;;;;;;;;;;;;
Bahamas;2005;4,03;;;;;;;;;;;;;
Bahamas;2006;4,31;;;;;;;;;;;;;
Bahamas;2007;4,50;;;;;;;;;;;;;
Bahamas;2008;4,86;;;;;;;;;;;;;
Bahamas;2009;5,15;;;;;;;;;;;;;
Bahamas;2010;5,26;;;;;;;;;;;;;
Bahamas;2011;5,32;;;;;;;;;;;;;
Bahamas;2012;5,32;;;;;;;;;;;;;
Bahamas;2013;5,59;;;;;;;;;;;;;
Bahamas;2014;5,67;;;;;;;;;;;;;
Bahamas;2015;5,21;;;;;;;;;;;;;
Bahamas;2016;5,62;;;;;;;;;;;;;
Bahamas;2017;6,83;;;;;;;;;;;;;
Bahrain;2004;3,47;;;;;;;;;;;;;
Bahrain;2005;3,18;;;;;;;;;;;;;
Bahrain;2006;3,06;;;;;;;;;;;;;
Bahrain;2007;3,30;;;;;;;;;;;;;
Bahrain;2008;3,29;;;;;;;;;;;;;
Bahrain;2009;4,06;;;;;;;;;;;;;
Bahrain;2010;3,84;;;;;;;;;;;;;
Bahrain;2011;3,58;;;;;;;;;;;;;
Bahrain;2012;4,11;;;;;;;;;;;;;
Bahrain;2013;4,31;;;;;;;;;;;;;
Bahrain;2014;4,41;;;;;;;;;;;;;
Bahrain;2015;4,98;;;;;;;;;;;;;
Bahrain;2016;4,86;;;;;;;;;;;;;
Bahrain;2017;4,75;;;;;;;;;;;;;
Bangladesh;2004;2,21;;;;;;;;;;;;;
Bangladesh;2005;2,28;;;;;;;;;;;;;
Bangladesh;2006;2,32;;;;;;;;;;;;;
Bangladesh;2007;2,39;;;;;;;;;;;;;
Bangladesh;2008;2,35;;;;;;;;;;;;;
Bangladesh;2009;2,40;;;;;;;;;;;;;
Bangladesh;2010;2,50;;;;;;;;;;;;;
Bangladesh;2011;2,57;;;;;;;;;;;;;
Bangladesh;2012;2,57;;;;;;;;;;;;;
Bangladesh;2013;2,50;;;;;;;;;;;;;
Bangladesh;2014;2,50;;;;;;;;;;;;;
Bangladesh;2015;2,46;;;;;;;;;;;;;
Bangladesh;2016;2,31;;;;;;;;;;;;;
Bangladesh;2017;2,28;;;;;;;;;;;;;
Barbados;2004;7,32;;;;;;;;;;;;;
Barbados;2005;6,77;;;;;;;;;;;;;
Barbados;2006;6,58;;;;;;;;;;;;;
Barbados;2007;6,06;;;;;;;;;;;;;
Barbados;2008;6,48;;;;;;;;;;;;;
Barbados;2009;7,15;;;;;;;;;;;;;
Barbados;2010;6,77;;;;;;;;;;;;;
Barbados;2011;6,90;;;;;;;;;;;;;
Barbados;2012;7,78;;;;;;;;;;;;;
Barbados;2013;7,50;;;;;;;;;;;;;
Barbados;2014;7,00;;;;;;;;;;;;;
Barbados;2015;6,77;;;;;;;;;;;;;
Barbados;2016;6,68;;;;;;;;;;;;;
Barbados;2017;6,62;;;;;;;;;;;;;
Belarus;2004;5,93;;;;;;;;;;;;;
Belarus;2005;6,28;;;;;;;;;;;;;
Belarus;2006;5,76;;;;;;;;;;;;;
Belarus;2007;5,89;;;;;;;;;;;;;
Belarus;2008;5,47;;;;;;;;;;;;;
Belarus;2009;5,39;;;;;;;;;;;;;
Belarus;2010;5,66;;;;;;;;;;;;;
Belarus;2011;4,87;;;;;;;;;;;;;
Belarus;2012;5,25;;;;;;;;;;;;;
Belarus;2013;5,70;;;;;;;;;;;;;
Belarus;2014;5,39;;;;;;;;;;;;;
Belarus;2015;6,07;;;;;;;;;;;;;
Belarus;2016;5,91;;;;;;;;;;;;;
Belarus;2017;5,76;;;;;;;;;;;;;
Belgium;2004;9,37;;;;;;;;;;;;;
Belgium;2005;9,26;;;;;;;;;;;;;
Belgium;2006;9,16;;;;;;;;;;;;;
Belgium;2007;9,17;;;;;;;;;;;;;
Belgium;2008;9,63;;;;;;;;;;;;;
Belgium;2009;10,36;;;;;;;;;;;;;
Belgium;2010;10,23;;;;;;;;;;;;;
Belgium;2011;10,39;;;;;;;;;;;;;
Belgium;2012;10,51;;;;;;;;;;;;;
Belgium;2013;10,56;;;;;;;;;;;;;
Belgium;2014;10,44;;;;;;;;;;;;;
Belgium;2015;10,43;;;;;;;;;;;;;
Belgium;2016;10,28;;;;;;;;;;;;;
Belgium;2017;10,41;;;;;;;;;;;;;
Belize;2004;4,43;;;;;;;;;;;;;
Belize;2005;4,43;;;;;;;;;;;;;
Belize;2006;4,52;;;;;;;;;;;;;
Belize;2007;5,24;;;;;;;;;;;;;
Belize;2008;5,60;;;;;;;;;;;;;
Belize;2009;5,69;;;;;;;;;;;;;
Belize;2010;5,60;;;;;;;;;;;;;
Belize;2011;5,62;;;;;;;;;;;;;
Belize;2012;5,33;;;;;;;;;;;;;
Belize;2013;5,55;;;;;;;;;;;;;
Belize;2014;6,10;;;;;;;;;;;;;
Belize;2015;5,82;;;;;;;;;;;;;
Belize;2016;6,04;;;;;;;;;;;;;
Belize;2017;5,70;;;;;;;;;;;;;
Benin;2004;3,07;;;;;;;;;;;;;
Benin;2005;2,93;;;;;;;;;;;;;
Benin;2006;2,97;;;;;;;;;;;;;
Benin;2007;2,89;;;;;;;;;;;;;
Benin;2008;2,69;;;;;;;;;;;;;
Benin;2009;2,82;;;;;;;;;;;;;
Benin;2010;2,99;;;;;;;;;;;;;
Benin;2011;3,09;;;;;;;;;;;;;
Benin;2012;3,41;;;;;;;;;;;;;
Benin;2013;2,86;;;;;;;;;;;;;
Benin;2014;2,67;;;;;;;;;;;;;
Benin;2015;2,91;;;;;;;;;;;;;
Benin;2016;2,78;;;;;;;;;;;;;
Benin;2017;2,64;;;;;;;;;;;;;
Bhutan;2004;4,47;;;;;;;;;;;;;
Bhutan;2005;4,02;;;;;;;;;;;;;
Bhutan;2006;4,29;;;;;;;;;;;;;
Bhutan;2007;4,03;;;;;;;;;;;;;
Bhutan;2008;3,30;;;;;;;;;;;;;
Bhutan;2009;3,46;;;;;;;;;;;;;
Bhutan;2010;3,47;;;;;;;;;;;;;
Bhutan;2011;3,27;;;;;;;;;;;;;
Bhutan;2012;3,53;;;;;;;;;;;;;
Bhutan;2013;3,62;;;;;;;;;;;;;
Bhutan;2014;3,47;;;;;;;;;;;;;
Bhutan;2015;3,66;;;;;;;;;;;;;
Bhutan;2016;3,48;;;;;;;;;;;;;
Bhutan;2017;3,24;;;;;;;;;;;;;
Bolivia;2004;4,86;;;;;;;;;;;;;
Bolivia;2005;5,07;;;;;;;;;;;;;
Bolivia;2006;4,66;;;;;;;;;;;;;
Bolivia;2007;4,70;;;;;;;;;;;;;
Bolivia;2008;4,61;;;;;;;;;;;;;
Bolivia;2009;5,17;;;;;;;;;;;;;
Bolivia;2010;5,20;;;;;;;;;;;;;
Bolivia;2011;5,17;;;;;;;;;;;;;
Bolivia;2012;5,25;;;;;;;;;;;;;
Bolivia;2013;5,57;;;;;;;;;;;;;
Bolivia;2014;5,90;;;;;;;;;;;;;
Bolivia;2015;6,55;;;;;;;;;;;;;
Bolivia;2016;6,83;;;;;;;;;;;;;
Bolivia;2017;6,49;;;;;;;;;;;;;
Bosnia and Herzegobina;2004;9,06;;;;;;;;;;;;;
Bosnia and Herzegobina;2005;9,05;;;;;;;;;;;;;
Bosnia and Herzegobina;2006;9,17;;;;;;;;;;;;;
Bosnia and Herzegobina;2007;9,53;;;;;;;;;;;;;
Bosnia and Herzegobina;2008;9,69;;;;;;;;;;;;;
Bosnia and Herzegobina;2009;9,02;;;;;;;;;;;;;
Bosnia and Herzegobina;2010;9,02;;;;;;;;;;;;;
Bosnia and Herzegobina;2011;9,18;;;;;;;;;;;;;
Bosnia and Herzegobina;2012;9,49;;;;;;;;;;;;;
Bosnia and Herzegobina;2013;9,49;;;;;;;;;;;;;
Bosnia and Herzegobina;2014;9,48;;;;;;;;;;;;;
Bosnia and Herzegobina;2015;9,34;;;;;;;;;;;;;
Bosnia and Herzegobina;2016;9,23;;;;;;;;;;;;;
Bosnia and Herzegobina;2017;8,93;;;;;;;;;;;;;
Botswana;2004;5,80;;;;;;;;;;;;;
Botswana;2005;5,03;;;;;;;;;;;;;
Botswana;2006;4,77;;;;;;;;;;;;;
Botswana;2007;5,33;;;;;;;;;;;;;
Botswana;2008;5,78;;;;;;;;;;;;;
Botswana;2009;6,53;;;;;;;;;;;;;
Botswana;2010;6,19;;;;;;;;;;;;;
Botswana;2011;5,78;;;;;;;;;;;;;
Botswana;2012;6,14;;;;;;;;;;;;;
Botswana;2013;6,22;;;;;;;;;;;;;
Botswana;2014;5,60;;;;;;;;;;;;;
Botswana;2015;5,73;;;;;;;;;;;;;
Botswana;2016;5,56;;;;;;;;;;;;;
Botswana;2017;6,13;;;;;;;;;;;;;
Brazil;2004;8,14;;;;;;;;;;;;;
Brazil;2005;8,04;;;;;;;;;;;;;
Brazil;2006;8,26;;;;;;;;;;;;;
Brazil;2007;8,21;;;;;;;;;;;;;
Brazil;2008;8,02;;;;;;;;;;;;;
Brazil;2009;8,40;;;;;;;;;;;;;
Brazil;2010;7,95;;;;;;;;;;;;;
Brazil;2011;7,79;;;;;;;;;;;;;
Brazil;2012;7,74;;;;;;;;;;;;;
Brazil;2013;7,98;;;;;;;;;;;;;
Brazil;2014;8,40;;;;;;;;;;;;;
Brazil;2015;8,87;;;;;;;;;;;;;
Brazil;2016;9,21;;;;;;;;;;;;;
Brazil;2017;9,47;;;;;;;;;;;;;
Brunei Darussalam;2004;2,55;;;;;;;;;;;;;
Brunei Darussalam;2005;2,23;;;;;;;;;;;;;
Brunei Darussalam;2006;1,90;;;;;;;;;;;;;
Brunei Darussalam;2007;1,94;;;;;;;;;;;;;
Brunei Darussalam;2008;1,87;;;;;;;;;;;;;
Brunei Darussalam;2009;2,39;;;;;;;;;;;;;
Brunei Darussalam;2010;2,28;;;;;;;;;;;;;
Brunei Darussalam;2011;1,86;;;;;;;;;;;;;
Brunei Darussalam;2012;1,85;;;;;;;;;;;;;
Brunei Darussalam;2013;1,90;;;;;;;;;;;;;
Brunei Darussalam;2014;1,91;;;;;;;;;;;;;
Brunei Darussalam;2015;2,39;;;;;;;;;;;;;
Brunei Darussalam;2016;2,55;;;;;;;;;;;;;
Brunei Darussalam;2017;2,27;;;;;;;;;;;;;
Bulgaria;2004;6,89;;;;;;;;;;;;;
Bulgaria;2005;6,89;;;;;;;;;;;;;
Bulgaria;2006;6,53;;;;;;;;;;;;;
Bulgaria;2007;6,16;;;;;;;;;;;;;
Bulgaria;2008;6,29;;;;;;;;;;;;;
Bulgaria;2009;6,60;;;;;;;;;;;;;
Bulgaria;2010;7,14;;;;;;;;;;;;;
Bulgaria;2011;7,14;;;;;;;;;;;;;
Bulgaria;2012;7,58;;;;;;;;;;;;;
Bulgaria;2013;7,17;;;;;;;;;;;;;
Bulgaria;2014;7,71;;;;;;;;;;;;;
Bulgaria;2015;7,41;;;;;;;;;;;;;
Bulgaria;2016;7,48;;;;;;;;;;;;;
Bulgaria;2017;7,45;;;;;;;;;;;;;
Burkina Faso;2004;4,74;;;;;;;;;;;;;
Burkina Faso;2005;4,44;;;;;;;;;;;;;
Burkina Faso;2006;5,09;;;;;;;;;;;;;
Burkina Faso;2007;5,89;;;;;;;;;;;;;
Burkina Faso;2008;5,23;;;;;;;;;;;;;
Burkina Faso;2009;5,72;;;;;;;;;;;;;
Burkina Faso;2010;5,89;;;;;;;;;;;;;
Burkina Faso;2011;5,23;;;;;;;;;;;;;
Burkina Faso;2012;5,18;;;;;;;;;;;;;
Burkina Faso;2013;6,26;;;;;;;;;;;;;
Burkina Faso;2014;5,62;;;;;;;;;;;;;
Burkina Faso;2015;5,83;;;;;;;;;;;;;
Burkina Faso;2016;7,03;;;;;;;;;;;;;
Burkina Faso;2017;6,91;;;;;;;;;;;;;
Burundi;2004;7,70;;;;;;;;;;;;;
Burundi;2005;8,42;;;;;;;;;;;;;
Burundi;2006;9,94;;;;;;;;;;;;;
Burundi;2007;10,58;;;;;;;;;;;;;
Burundi;2008;9,24;;;;;;;;;;;;;
Burundi;2009;10,35;;;;;;;;;;;;;
Burundi;2010;11,28;;;;;;;;;;;;;
Burundi;2011;10,07;;;;;;;;;;;;;
Burundi;2012;8,53;;;;;;;;;;;;;
Burundi;2013;8,14;;;;;;;;;;;;;
Burundi;2014;6,89;;;;;;;;;;;;;
Burundi;2015;6,58;;;;;;;;;;;;;
Burundi;2016;7,49;;;;;;;;;;;;;
Burundi;2017;7,52;;;;;;;;;;;;;
Cambodia;2004;7,09;;;;;;;;;;;;;
Cambodia;2005;6,85;;;;;;;;;;;;;
Cambodia;2006;6,12;;;;;;;;;;;;;
Cambodia;2007;4,90;;;;;;;;;;;;;
Cambodia;2008;6,60;;;;;;;;;;;;;
Cambodia;2009;7,58;;;;;;;;;;;;;
Cambodia;2010;6,91;;;;;;;;;;;;;
Cambodia;2011;7,50;;;;;;;;;;;;;
Cambodia;2012;7,26;;;;;;;;;;;;;
Cambodia;2013;7,10;;;;;;;;;;;;;
Cambodia;2014;6,70;;;;;;;;;;;;;
Cambodia;2015;6,19;;;;;;;;;;;;;
Cambodia;2016;6,12;;;;;;;;;;;;;
Cambodia;2017;5,93;;;;;;;;;;;;;
Cameroon;2004;4,02;;;;;;;;;;;;;
Cameroon;2005;4,10;;;;;;;;;;;;;
Cameroon;2006;4,03;;;;;;;;;;;;;
Cameroon;2007;3,96;;;;;;;;;;;;;
Cameroon;2008;3,82;;;;;;;;;;;;;
Cameroon;2009;3,74;;;;;;;;;;;;;
Cameroon;2010;3,76;;;;;;;;;;;;;
Cameroon;2011;4,02;;;;;;;;;;;;;
Cameroon;2012;4,07;;;;;;;;;;;;;
Cameroon;2013;3,79;;;;;;;;;;;;;
Cameroon;2014;3,95;;;;;;;;;;;;;
Cameroon;2015;3,75;;;;;;;;;;;;;
Cameroon;2016;3,73;;;;;;;;;;;;;
Cameroon;2017;3,49;;;;;;;;;;;;;
Canada;2004;9,10;;;;;;;;;;;;;
Canada;2005;9,06;;;;;;;;;;;;;
Canada;2006;9,35;;;;;;;;;;;;;
Canada;2007;9,44;;;;;;;;;;;;;
Canada;2008;9,60;;;;;;;;;;;;;
Canada;2009;10,71;;;;;;;;;;;;;
Canada;2010;10,68;;;;;;;;;;;;;
Canada;2011;10,34;;;;;;;;;;;;;
Canada;2012;10,43;;;;;;;;;;;;;
Canada;2013;10,34;;;;;;;;;;;;;
Canada;2014;10,25;;;;;;;;;;;;;
Canada;2015;10,68;;;;;;;;;;;;;
Canada;2016;10,98;;;;;;;;;;;;;
Canada;2017;10,79;;;;;;;;;;;;;
Cape Verde;2004;4,38;;;;;;;;;;;;;
Cape Verde;2005;4,27;;;;;;;;;;;;;
Cape Verde;2006;4,49;;;;;;;;;;;;;
Cape Verde;2007;4,19;;;;;;;;;;;;;
Cape Verde;2008;3,58;;;;;;;;;;;;;
Cape Verde;2009;3,88;;;;;;;;;;;;;
Cape Verde;2010;4,48;;;;;;;;;;;;;
Cape Verde;2011;4,31;;;;;;;;;;;;;
Cape Verde;2012;5,13;;;;;;;;;;;;;
Cape Verde;2013;5,29;;;;;;;;;;;;;
Cape Verde;2014;5,33;;;;;;;;;;;;;
Cape Verde;2015;4,82;;;;;;;;;;;;;
Cape Verde;2016;4,85;;;;;;;;;;;;;
Cape Verde;2017;5,36;;;;;;;;;;;;;
Central African Republic;2004;4,20;;;;;;;;;;;;;
Central African Republic;2005;4,23;;;;;;;;;;;;;
Central African Republic;2006;4,31;;;;;;;;;;;;;
Central African Republic;2007;4,64;;;;;;;;;;;;;
Central African Republic;2008;4,03;;;;;;;;;;;;;
Central African Republic;2009;4,73;;;;;;;;;;;;;
Central African Republic;2010;3,65;;;;;;;;;;;;;
Central African Republic;2011;3,64;;;;;;;;;;;;;
Central African Republic;2012;3,63;;;;;;;;;;;;;
Central African Republic;2013;4,73;;;;;;;;;;;;;
Central African Republic;2014;4,91;;;;;;;;;;;;;
Central African Republic;2015;5,03;;;;;;;;;;;;;
Central African Republic;2016;5,44;;;;;;;;;;;;;
Central African Republic;2017;6,67;;;;;;;;;;;;;
Chad;2004;5,50;;;;;;;;;;;;;
Chad;2005;4,84;;;;;;;;;;;;;
Chad;2006;4,87;;;;;;;;;;;;;
Chad;2007;4,34;;;;;;;;;;;;;
Chad;2008;4,06;;;;;;;;;;;;;
Chad;2009;4,44;;;;;;;;;;;;;
Chad;2010;4,06;;;;;;;;;;;;;
Chad;2011;3,91;;;;;;;;;;;;;
Chad;2012;3,86;;;;;;;;;;;;;
Chad;2013;4,07;;;;;;;;;;;;;
Chad;2014;4,27;;;;;;;;;;;;;
Chad;2015;4,52;;;;;;;;;;;;;
Chad;2016;4,91;;;;;;;;;;;;;
Chad;2017;4,40;;;;;;;;;;;;;
Chile;2004;6,90;;;;;;;;;;;;;
Chile;2005;6,59;;;;;;;;;;;;;
Chile;2006;6,04;;;;;;;;;;;;;
Chile;2007;6,18;;;;;;;;;;;;;
Chile;2008;6,74;;;;;;;;;;;;;
Chile;2009;7,21;;;;;;;;;;;;;
Chile;2010;6,77;;;;;;;;;;;;;
Chile;2011;6,77;;;;;;;;;;;;;
Chile;2012;7,02;;;;;;;;;;;;;
Chile;2013;7,44;;;;;;;;;;;;;
Chile;2014;7,81;;;;;;;;;;;;;
Chile;2015;8,30;;;;;;;;;;;;;
Chile;2016;8,52;;;;;;;;;;;;;
Chile;2017;9,07;;;;;;;;;;;;;
China;2004;4,26;;;;;;;;;;;;;
China;2005;4,14;;;;;;;;;;;;;
China;2006;3,92;;;;;;;;;;;;;
China;2007;3,66;;;;;;;;;;;;;
China;2008;3,88;;;;;;;;;;;;;
China;2009;4,32;;;;;;;;;;;;;
China;2010;4,21;;;;;;;;;;;;;
China;2011;4,33;;;;;;;;;;;;;
China;2012;4,55;;;;;;;;;;;;;
China;2013;4,71;;;;;;;;;;;;;
China;2014;4,77;;;;;;;;;;;;;
China;2015;4,89;;;;;;;;;;;;;
China;2016;4,98;;;;;;;;;;;;;
China;2017;5,15;;;;;;;;;;;;;
Colombia;2004;5,80;;;;;;;;;;;;;
Colombia;2005;6,07;;;;;;;;;;;;;
Colombia;2006;6,34;;;;;;;;;;;;;
Colombia;2007;6,49;;;;;;;;;;;;;
Colombia;2008;6,84;;;;;;;;;;;;;
Colombia;2009;7,31;;;;;;;;;;;;;
Colombia;2010;7,07;;;;;;;;;;;;;
Colombia;2011;6,78;;;;;;;;;;;;;
Colombia;2012;6,75;;;;;;;;;;;;;
Colombia;2013;7,02;;;;;;;;;;;;;
Colombia;2014;7,19;;;;;;;;;;;;;
Colombia;2015;7,52;;;;;;;;;;;;;
Colombia;2016;7,53;;;;;;;;;;;;;
Colombia;2017;7,68;;;;;;;;;;;;;
Comoros;2004;6,03;;;;;;;;;;;;;
Comoros;2005;5,82;;;;;;;;;;;;;
Comoros;2006;5,69;;;;;;;;;;;;;
Comoros;2007;5,47;;;;;;;;;;;;;
Comoros;2008;5,22;;;;;;;;;;;;;
Comoros;2009;5,07;;;;;;;;;;;;;
Comoros;2010;5,09;;;;;;;;;;;;;
Comoros;2011;5,44;;;;;;;;;;;;;
Comoros;2012;4,67;;;;;;;;;;;;;
Comoros;2013;4,60;;;;;;;;;;;;;
Comoros;2014;4,56;;;;;;;;;;;;;
Comoros;2015;4,74;;;;;;;;;;;;;
Comoros;2016;4,70;;;;;;;;;;;;;
Comoros;2017;4,65;;;;;;;;;;;;;
Congo;2004;2,11;;;;;;;;;;;;;
Congo;2005;1,88;;;;;;;;;;;;;
Congo;2006;1,78;;;;;;;;;;;;;
Congo;2007;2,24;;;;;;;;;;;;;
Congo;2008;2,55;;;;;;;;;;;;;
Congo;2009;2,22;;;;;;;;;;;;;
Congo;2010;1,98;;;;;;;;;;;;;
Congo;2011;1,85;;;;;;;;;;;;;
Congo;2012;2,47;;;;;;;;;;;;;
Congo;2013;2,49;;;;;;;;;;;;;
Congo;2014;2,51;;;;;;;;;;;;;
Congo;2015;3,42;;;;;;;;;;;;;
Congo;2016;3,46;;;;;;;;;;;;;
Congo;2017;2,94;;;;;;;;;;;;;
Costa Rica;2004;6,66;;;;;;;;;;;;;
Costa Rica;2005;6,70;;;;;;;;;;;;;
Costa Rica;2006;6,97;;;;;;;;;;;;;
Costa Rica;2007;7,03;;;;;;;;;;;;;
Costa Rica;2008;7,51;;;;;;;;;;;;;
Costa Rica;2009;7,91;;;;;;;;;;;;;
Costa Rica;2010;8,11;;;;;;;;;;;;;
Costa Rica;2011;8,22;;;;;;;;;;;;;
Costa Rica;2012;7,91;;;;;;;;;;;;;
Costa Rica;2013;7,87;;;;;;;;;;;;;
Costa Rica;2014;7,88;;;;;;;;;;;;;
Costa Rica;2015;7,82;;;;;;;;;;;;;
Costa Rica;2016;7,53;;;;;;;;;;;;;
Costa Rica;2017;7,33;;;;;;;;;;;;;
Cote de Ivoire;2004;5,15;;;;;;;;;;;;;
Cote de Ivoire;2005;5,29;;;;;;;;;;;;;
Cote de Ivoire;2006;5,76;;;;;;;;;;;;;
Cote de Ivoire;2007;6,29;;;;;;;;;;;;;
Cote de Ivoire;2008;6,31;;;;;;;;;;;;;
Cote de Ivoire;2009;6,18;;;;;;;;;;;;;
Cote de Ivoire;2010;6,10;;;;;;;;;;;;;
Cote de Ivoire;2011;6,08;;;;;;;;;;;;;
Cote de Ivoire;2012;6,12;;;;;;;;;;;;;
Cote de Ivoire;2013;5,14;;;;;;;;;;;;;
Cote de Ivoire;2014;5,16;;;;;;;;;;;;;
Cote de Ivoire;2015;4,42;;;;;;;;;;;;;
Cote de Ivoire;2016;4,54;;;;;;;;;;;;;
Cote de Ivoire;2017;4,45;;;;;;;;;;;;;
Croatia;2004;6,57;;;;;;;;;;;;;
Croatia;2005;6,91;;;;;;;;;;;;;
Croatia;2006;6,98;;;;;;;;;;;;;
Croatia;2007;7,46;;;;;;;;;;;;;
Croatia;2008;7,73;;;;;;;;;;;;;
Croatia;2009;8,18;;;;;;;;;;;;;
Croatia;2010;8,10;;;;;;;;;;;;;
Croatia;2011;7,79;;;;;;;;;;;;;
Croatia;2012;7,80;;;;;;;;;;;;;
Croatia;2013;6,53;;;;;;;;;;;;;
Croatia;2014;6,70;;;;;;;;;;;;;
Croatia;2015;6,79;;;;;;;;;;;;;
Croatia;2016;6,83;;;;;;;;;;;;;
Croatia;2017;6,78;;;;;;;;;;;;;
Cuba;2004;6,83;;;;;;;;;;;;;
Cuba;2005;8,76;;;;;;;;;;;;;
Cuba;2006;8,27;;;;;;;;;;;;;
Cuba;2007;10,97;;;;;;;;;;;;;
Cuba;2008;11,31;;;;;;;;;;;;;
Cuba;2009;12,29;;;;;;;;;;;;;
Cuba;2010;10,69;;;;;;;;;;;;;
Cuba;2011;11,31;;;;;;;;;;;;;
Cuba;2012;9,30;;;;;;;;;;;;;
Cuba;2013;10,43;;;;;;;;;;;;;
Cuba;2014;12,14;;;;;;;;;;;;;
Cuba;2015;12,81;;;;;;;;;;;;;
Cuba;2016;12,22;;;;;;;;;;;;;
Cuba;2017;11,71;;;;;;;;;;;;;
Cyprus;2004;5,41;;;;;;;;;;;;;
Cyprus;2005;5,44;;;;;;;;;;;;;
Cyprus;2006;5,46;;;;;;;;;;;;;
Cyprus;2007;5,36;;;;;;;;;;;;;
Cyprus;2008;6,01;;;;;;;;;;;;;
Cyprus;2009;6,47;;;;;;;;;;;;;
Cyprus;2010;6,52;;;;;;;;;;;;;
Cyprus;2011;6,45;;;;;;;;;;;;;
Cyprus;2012;6,55;;;;;;;;;;;;;
Cyprus;2013;6,95;;;;;;;;;;;;;
Cyprus;2014;6,96;;;;;;;;;;;;;
Cyprus;2015;6,93;;;;;;;;;;;;;
Cyprus;2016;6,83;;;;;;;;;;;;;
Cyprus;2017;6,74;;;;;;;;;;;;;
Czechia;2004;6,39;;;;;;;;;;;;;
Czechia;2005;6,38;;;;;;;;;;;;;
Czechia;2006;6,20;;;;;;;;;;;;;
Czechia;2007;6,02;;;;;;;;;;;;;
Czechia;2008;6,36;;;;;;;;;;;;;
Czechia;2009;7,29;;;;;;;;;;;;;
Czechia;2010;6,93;;;;;;;;;;;;;
Czechia;2011;6,98;;;;;;;;;;;;;
Czechia;2012;7,03;;;;;;;;;;;;;
Czechia;2013;7,81;;;;;;;;;;;;;
Czechia;2014;7,65;;;;;;;;;;;;;
Czechia;2015;7,24;;;;;;;;;;;;;
Czechia;2016;7,15;;;;;;;;;;;;;
Czechia;2017;7,23;;;;;;;;;;;;;
Democratic Republic of the Congo;2004;4,32;;;;;;;;;;;;;
Democratic Republic of the Congo;2005;4,16;;;;;;;;;;;;;
Democratic Republic of the Congo;2006;4,30;;;;;;;;;;;;;
Democratic Republic of the Congo;2007;4,24;;;;;;;;;;;;;
Democratic Republic of the Congo;2008;4,89;;;;;;;;;;;;;
Democratic Republic of the Congo;2009;4,45;;;;;;;;;;;;;
Democratic Republic of the Congo;2010;3,75;;;;;;;;;;;;;
Democratic Republic of the Congo;2011;3,22;;;;;;;;;;;;;
Democratic Republic of the Congo;2012;3,30;;;;;;;;;;;;;
Democratic Republic of the Congo;2013;3,57;;;;;;;;;;;;;
Democratic Republic of the Congo;2014;3,98;;;;;;;;;;;;;
Democratic Republic of the Congo;2015;4,00;;;;;;;;;;;;;
Democratic Republic of the Congo;2016;4,37;;;;;;;;;;;;;
Democratic Republic of the Congo;2017;4,16;;;;;;;;;;;;;
Denmark;2004;9,01;;;;;;;;;;;;;
Denmark;2005;9,09;;;;;;;;;;;;;
Denmark;2006;9,17;;;;;;;;;;;;;
Denmark;2007;9,33;;;;;;;;;;;;;
Denmark;2008;9,51;;;;;;;;;;;;;
Denmark;2009;10,67;;;;;;;;;;;;;
Denmark;2010;10,33;;;;;;;;;;;;;
Denmark;2011;10,15;;;;;;;;;;;;;
Denmark;2012;10,24;;;;;;;;;;;;;
Denmark;2013;10,17;;;;;;;;;;;;;
Denmark;2014;10,17;;;;;;;;;;;;;
Denmark;2015;10,23;;;;;;;;;;;;;
Denmark;2016;10,14;;;;;;;;;;;;;
Denmark;2017;10,04;;;;;;;;;;;;;
Djibouti;2004;3,32;;;;;;;;;;;;;
Djibouti;2005;3,22;;;;;;;;;;;;;
Djibouti;2006;3,48;;;;;;;;;;;;;
Djibouti;2007;3,41;;;;;;;;;;;;;
Djibouti;2008;3,19;;;;;;;;;;;;;
Djibouti;2009;3,21;;;;;;;;;;;;;
Djibouti;2010;3,06;;;;;;;;;;;;;
Djibouti;2011;3,38;;;;;;;;;;;;;
Djibouti;2012;3,30;;;;;;;;;;;;;
Djibouti;2013;2,92;;;;;;;;;;;;;
Djibouti;2014;2,97;;;;;;;;;;;;;
Djibouti;2015;3,08;;;;;;;;;;;;;
Djibouti;2016;2,73;;;;;;;;;;;;;
Djibouti;2017;2,46;;;;;;;;;;;;;
Dominica;2004;4,75;;;;;;;;;;;;;
Dominica;2005;4,98;;;;;;;;;;;;;
Dominica;2006;4,78;;;;;;;;;;;;;
Dominica;2007;4,79;;;;;;;;;;;;;
Dominica;2008;5,05;;;;;;;;;;;;;
Dominica;2009;4,98;;;;;;;;;;;;;
Dominica;2010;5,16;;;;;;;;;;;;;
Dominica;2011;5,33;;;;;;;;;;;;;
Dominica;2012;5,80;;;;;;;;;;;;;
Dominica;2013;5,31;;;;;;;;;;;;;
Dominica;2014;5,23;;;;;;;;;;;;;
Dominica;2015;5,19;;;;;;;;;;;;;
Dominica;2016;5,15;;;;;;;;;;;;;
Dominica;2017;5,44;;;;;;;;;;;;;
Dominican Republic;2004;4,29;;;;;;;;;;;;;
Dominican Republic;2005;4,35;;;;;;;;;;;;;
Dominican Republic;2006;3,99;;;;;;;;;;;;;
Dominican Republic;2007;4,21;;;;;;;;;;;;;
Dominican Republic;2008;4,73;;;;;;;;;;;;;
Dominican Republic;2009;5,09;;;;;;;;;;;;;
Dominican Republic;2010;5,58;;;;;;;;;;;;;
Dominican Republic;2011;5,67;;;;;;;;;;;;;
Dominican Republic;2012;5,89;;;;;;;;;;;;;
Dominican Republic;2013;5,76;;;;;;;;;;;;;
Dominican Republic;2014;5,75;;;;;;;;;;;;;
Dominican Republic;2015;5,78;;;;;;;;;;;;;
Dominican Republic;2016;5,83;;;;;;;;;;;;;
Dominican Republic;2017;5,83;;;;;;;;;;;;;
East Timor;2004;1,74;;;;;;;;;;;;;
East Timor;2005;1,34;;;;;;;;;;;;;
East Timor;2006;1,03;;;;;;;;;;;;;
East Timor;2007;1,06;;;;;;;;;;;;;
East Timor;2008;1,03;;;;;;;;;;;;;
East Timor;2009;1,66;;;;;;;;;;;;;
East Timor;2010;1,43;;;;;;;;;;;;;
East Timor;2011;1,26;;;;;;;;;;;;;
East Timor;2012;1,22;;;;;;;;;;;;;
East Timor;2013;2,11;;;;;;;;;;;;;
East Timor;2014;2,72;;;;;;;;;;;;;
East Timor;2015;3,95;;;;;;;;;;;;;
East Timor;2016;4,55;;;;;;;;;;;;;
East Timor;2017;4,34;;;;;;;;;;;;;
Ecuador;2004;5,55;;;;;;;;;;;;;
Ecuador;2005;5,58;;;;;;;;;;;;;
Ecuador;2006;5,69;;;;;;;;;;;;;
Ecuador;2007;5,86;;;;;;;;;;;;;
Ecuador;2008;5,82;;;;;;;;;;;;;
Ecuador;2009;6,44;;;;;;;;;;;;;
Ecuador;2010;7,12;;;;;;;;;;;;;
Ecuador;2011;7,87;;;;;;;;;;;;;
Ecuador;2012;8,48;;;;;;;;;;;;;
Ecuador;2013;8,56;;;;;;;;;;;;;
Ecuador;2014;8,62;;;;;;;;;;;;;
Ecuador;2015;8,59;;;;;;;;;;;;;
Ecuador;2016;8,30;;;;;;;;;;;;;
Ecuador;2017;8,26;;;;;;;;;;;;;
Egypt;2004;4,86;;;;;;;;;;;;;
Egypt;2005;4,92;;;;;;;;;;;;;
Egypt;2006;4,84;;;;;;;;;;;;;
Egypt;2007;4,44;;;;;;;;;;;;;
Egypt;2008;4,47;;;;;;;;;;;;;
Egypt;2009;4,38;;;;;;;;;;;;;
Egypt;2010;4,15;;;;;;;;;;;;;
Egypt;2011;4,36;;;;;;;;;;;;;
Egypt;2012;4,71;;;;;;;;;;;;;
Egypt;2013;4,92;;;;;;;;;;;;;
Egypt;2014;5,03;;;;;;;;;;;;;
Egypt;2015;5,34;;;;;;;;;;;;;
Egypt;2016;5,36;;;;;;;;;;;;;
Egypt;2017;5,63;;;;;;;;;;;;;
El Salvador;2004;8,50;;;;;;;;;;;;;
El Salvador;2005;8,44;;;;;;;;;;;;;
El Salvador;2006;7,92;;;;;;;;;;;;;
El Salvador;2007;7,64;;;;;;;;;;;;;
El Salvador;2008;7,66;;;;;;;;;;;;;
El Salvador;2009;8,40;;;;;;;;;;;;;
El Salvador;2010;8,24;;;;;;;;;;;;;
El Salvador;2011;8,14;;;;;;;;;;;;;
El Salvador;2012;7,54;;;;;;;;;;;;;
El Salvador;2013;7,72;;;;;;;;;;;;;
El Salvador;2014;7,68;;;;;;;;;;;;;
El Salvador;2015;7,63;;;;;;;;;;;;;
El Salvador;2016;7,72;;;;;;;;;;;;;
El Salvador;2017;7,23;;;;;;;;;;;;;
Equatorial Guinea;2004;1,73;;;;;;;;;;;;;
Equatorial Guinea;2005;1,50;;;;;;;;;;;;;
Equatorial Guinea;2006;1,52;;;;;;;;;;;;;
Equatorial Guinea;2007;1,57;;;;;;;;;;;;;
Equatorial Guinea;2008;1,83;;;;;;;;;;;;;
Equatorial Guinea;2009;1,84;;;;;;;;;;;;;
Equatorial Guinea;2010;1,82;;;;;;;;;;;;;
Equatorial Guinea;2011;1,55;;;;;;;;;;;;;
Equatorial Guinea;2012;1,26;;;;;;;;;;;;;
Equatorial Guinea;2013;1,88;;;;;;;;;;;;;
Equatorial Guinea;2014;2,19;;;;;;;;;;;;;
Equatorial Guinea;2015;2,92;;;;;;;;;;;;;
Equatorial Guinea;2016;3,14;;;;;;;;;;;;;
Equatorial Guinea;2017;3,01;;;;;;;;;;;;;
Estonia;2004;5,12;;;;;;;;;;;;;
Estonia;2005;5,06;;;;;;;;;;;;;
Estonia;2006;4,77;;;;;;;;;;;;;
Estonia;2007;4,98;;;;;;;;;;;;;
Estonia;2008;5,71;;;;;;;;;;;;;
Estonia;2009;6,51;;;;;;;;;;;;;
Estonia;2010;6,27;;;;;;;;;;;;;
Estonia;2011;5,77;;;;;;;;;;;;;
Estonia;2012;5,79;;;;;;;;;;;;;
Estonia;2013;5,98;;;;;;;;;;;;;
Estonia;2014;6,08;;;;;;;;;;;;;
Estonia;2015;6,35;;;;;;;;;;;;;
Estonia;2016;6,43;;;;;;;;;;;;;
Estonia;2017;6,59;;;;;;;;;;;;;
Ethiopia;2004;4,31;;;;;;;;;;;;;
Ethiopia;2005;4,10;;;;;;;;;;;;;
Ethiopia;2006;4,46;;;;;;;;;;;;;
Ethiopia;2007;5,00;;;;;;;;;;;;;
Ethiopia;2008;4,28;;;;;;;;;;;;;
Ethiopia;2009;4,65;;;;;;;;;;;;;
Ethiopia;2010;5,47;;;;;;;;;;;;;
Ethiopia;2011;4,47;;;;;;;;;;;;;
Ethiopia;2012;4,54;;;;;;;;;;;;;
Ethiopia;2013;4,08;;;;;;;;;;;;;
Ethiopia;2014;4,03;;;;;;;;;;;;;
Ethiopia;2015;3,82;;;;;;;;;;;;;
Ethiopia;2016;3,66;;;;;;;;;;;;;
Ethiopia;2017;3,50;;;;;;;;;;;;;
Fiji;2004;3,26;;;;;;;;;;;;;
Fiji;2005;3,26;;;;;;;;;;;;;
Fiji;2006;3,35;;;;;;;;;;;;;
Fiji;2007;3,42;;;;;;;;;;;;;
Fiji;2008;3,18;;;;;;;;;;;;;
Fiji;2009;3,54;;;;;;;;;;;;;
Fiji;2010;3,42;;;;;;;;;;;;;
Fiji;2011;3,14;;;;;;;;;;;;;
Fiji;2012;3,27;;;;;;;;;;;;;
Fiji;2013;3,20;;;;;;;;;;;;;
Fiji;2014;3,37;;;;;;;;;;;;;
Fiji;2015;3,32;;;;;;;;;;;;;
Fiji;2016;3,28;;;;;;;;;;;;;
Fiji;2017;3,19;;;;;;;;;;;;;
Finland;2004;8,06;;;;;;;;;;;;;
Finland;2005;8,29;;;;;;;;;;;;;
Finland;2006;8,28;;;;;;;;;;;;;
Finland;2007;8,08;;;;;;;;;;;;;
Finland;2008;8,34;;;;;;;;;;;;;
Finland;2009;9,16;;;;;;;;;;;;;
Finland;2010;9,14;;;;;;;;;;;;;
Finland;2011;9,22;;;;;;;;;;;;;
Finland;2012;9,59;;;;;;;;;;;;;
Finland;2013;9,81;;;;;;;;;;;;;
Finland;2014;9,78;;;;;;;;;;;;;
Finland;2015;9,65;;;;;;;;;;;;;
Finland;2016;9,38;;;;;;;;;;;;;
Finland;2017;9,14;;;;;;;;;;;;;
France;2004;10,16;;;;;;;;;;;;;
France;2005;10,21;;;;;;;;;;;;;
France;2006;10,39;;;;;;;;;;;;;
France;2007;10,33;;;;;;;;;;;;;
France;2008;10,51;;;;;;;;;;;;;
France;2009;11,30;;;;;;;;;;;;;
France;2010;11,24;;;;;;;;;;;;;
France;2011;11,20;;;;;;;;;;;;;
France;2012;11,31;;;;;;;;;;;;;
France;2013;11,44;;;;;;;;;;;;;
France;2014;11,58;;;;;;;;;;;;;
France;2015;11,47;;;;;;;;;;;;;
France;2016;11,50;;;;;;;;;;;;;
France;2017;11,39;;;;;;;;;;;;;
Gabon;2004;3,33;;;;;;;;;;;;;
Gabon;2005;2,93;;;;;;;;;;;;;
Gabon;2006;3,15;;;;;;;;;;;;;
Gabon;2007;3,15;;;;;;;;;;;;;
Gabon;2008;2,79;;;;;;;;;;;;;
Gabon;2009;3,84;;;;;;;;;;;;;
Gabon;2010;2,48;;;;;;;;;;;;;
Gabon;2011;2,56;;;;;;;;;;;;;
Gabon;2012;2,42;;;;;;;;;;;;;
Gabon;2013;2,84;;;;;;;;;;;;;
Gabon;2014;2,53;;;;;;;;;;;;;
Gabon;2015;2,66;;;;;;;;;;;;;
Gabon;2016;3,11;;;;;;;;;;;;;
Gabon;2017;2,78;;;;;;;;;;;;;
Gambia;2004;5,40;;;;;;;;;;;;;
Gambia;2005;5,38;;;;;;;;;;;;;
Gambia;2006;5,42;;;;;;;;;;;;;
Gambia;2007;4,95;;;;;;;;;;;;;
Gambia;2008;4,65;;;;;;;;;;;;;
Gambia;2009;4,43;;;;;;;;;;;;;
Gambia;2010;4,09;;;;;;;;;;;;;
Gambia;2011;4,35;;;;;;;;;;;;;
Gambia;2012;4,23;;;;;;;;;;;;;
Gambia;2013;3,91;;;;;;;;;;;;;
Gambia;2014;3,70;;;;;;;;;;;;;
Gambia;2015;3,18;;;;;;;;;;;;;
Gambia;2016;3,19;;;;;;;;;;;;;
Gambia;2017;3,34;;;;;;;;;;;;;
Georgia;2004;8,32;;;;;;;;;;;;;
Georgia;2005;8,30;;;;;;;;;;;;;
Georgia;2006;7,85;;;;;;;;;;;;;
Georgia;2007;7,64;;;;;;;;;;;;;
Georgia;2008;8,68;;;;;;;;;;;;;
Georgia;2009;9,84;;;;;;;;;;;;;
Georgia;2010;9,55;;;;;;;;;;;;;
Georgia;2011;8,39;;;;;;;;;;;;;
Georgia;2012;8,37;;;;;;;;;;;;;
Georgia;2013;8,40;;;;;;;;;;;;;
Georgia;2014;8,44;;;;;;;;;;;;;
Georgia;2015;7,93;;;;;;;;;;;;;
Georgia;2016;8,42;;;;;;;;;;;;;
Georgia;2017;7,06;;;;;;;;;;;;;
Germany;2004;10,15;;;;;;;;;;;;;
Germany;2005;10,31;;;;;;;;;;;;;
Germany;2006;10,18;;;;;;;;;;;;;
Germany;2007;10,05;;;;;;;;;;;;;
Germany;2008;10,25;;;;;;;;;;;;;
Germany;2009;11,24;;;;;;;;;;;;;
Germany;2010;11,10;;;;;;;;;;;;;
Germany;2011;10,78;;;;;;;;;;;;;
Germany;2012;10,85;;;;;;;;;;;;;
Germany;2013;10,99;;;;;;;;;;;;;
Germany;2014;11,02;;;;;;;;;;;;;
Germany;2015;11,18;;;;;;;;;;;;;
Germany;2016;11,23;;;;;;;;;;;;;
Germany;2017;11,32;;;;;;;;;;;;;
Ghana;2004;3,10;;;;;;;;;;;;;
Ghana;2005;3,98;;;;;;;;;;;;;
Ghana;2006;3,96;;;;;;;;;;;;;
Ghana;2007;4,07;;;;;;;;;;;;;
Ghana;2008;4,20;;;;;;;;;;;;;
Ghana;2009;4,71;;;;;;;;;;;;;
Ghana;2010;4,69;;;;;;;;;;;;;
Ghana;2011;4,74;;;;;;;;;;;;;
Ghana;2012;4,19;;;;;;;;;;;;;
Ghana;2013;4,62;;;;;;;;;;;;;
Ghana;2014;4,10;;;;;;;;;;;;;
Ghana;2015;4,62;;;;;;;;;;;;;
Ghana;2016;3,46;;;;;;;;;;;;;
Ghana;2017;3,33;;;;;;;;;;;;;
Greece;2004;8,09;;;;;;;;;;;;;
Greece;2005;8,56;;;;;;;;;;;;;
Greece;2006;8,26;;;;;;;;;;;;;
Greece;2007;8,40;;;;;;;;;;;;;
Greece;2008;8,83;;;;;;;;;;;;;
Greece;2009;9,41;;;;;;;;;;;;;
Greece;2010;9,52;;;;;;;;;;;;;
Greece;2011;9,03;;;;;;;;;;;;;
Greece;2012;8,79;;;;;;;;;;;;;
Greece;2013;8,32;;;;;;;;;;;;;
Greece;2014;7,85;;;;;;;;;;;;;
Greece;2015;8,02;;;;;;;;;;;;;
Greece;2016;8,21;;;;;;;;;;;;;
Greece;2017;7,97;;;;;;;;;;;;;
Grenada;2004;5,37;;;;;;;;;;;;;
Grenada;2005;5,14;;;;;;;;;;;;;
Grenada;2006;5,11;;;;;;;;;;;;;
Grenada;2007;5,24;;;;;;;;;;;;;
Grenada;2008;5,39;;;;;;;;;;;;;
Grenada;2009;5,43;;;;;;;;;;;;;
Grenada;2010;5,42;;;;;;;;;;;;;
Grenada;2011;5,80;;;;;;;;;;;;;
Grenada;2012;5,82;;;;;;;;;;;;;
Grenada;2013;5,63;;;;;;;;;;;;;
Grenada;2014;4,77;;;;;;;;;;;;;
Grenada;2015;4,65;;;;;;;;;;;;;
Grenada;2016;4,44;;;;;;;;;;;;;
Grenada;2017;4,60;;;;;;;;;;;;;
Guatemala;2004;6,53;;;;;;;;;;;;;
Guatemala;2005;6,37;;;;;;;;;;;;;
Guatemala;2006;6,59;;;;;;;;;;;;;
Guatemala;2007;6,36;;;;;;;;;;;;;
Guatemala;2008;6,26;;;;;;;;;;;;;
Guatemala;2009;6,38;;;;;;;;;;;;;
Guatemala;2010;6,15;;;;;;;;;;;;;
Guatemala;2011;5,94;;;;;;;;;;;;;
Guatemala;2012;6,01;;;;;;;;;;;;;
Guatemala;2013;5,68;;;;;;;;;;;;;
Guatemala;2014;5,80;;;;;;;;;;;;;
Guatemala;2015;5,86;;;;;;;;;;;;;
Guatemala;2016;5,84;;;;;;;;;;;;;
Guatemala;2017;5,81;;;;;;;;;;;;;
Guinea;2004;4,78;;;;;;;;;;;;;
Guinea;2005;4,04;;;;;;;;;;;;;
Guinea;2006;3,61;;;;;;;;;;;;;
Guinea;2007;3,43;;;;;;;;;;;;;
Guinea;2008;3,26;;;;;;;;;;;;;
Guinea;2009;3,58;;;;;;;;;;;;;
Guinea;2010;3,42;;;;;;;;;;;;;
Guinea;2011;3,79;;;;;;;;;;;;;
Guinea;2012;3,50;;;;;;;;;;;;;
Guinea;2013;3,46;;;;;;;;;;;;;
Guinea;2014;4,78;;;;;;;;;;;;;
Guinea;2015;5,81;;;;;;;;;;;;;
Guinea;2016;5,40;;;;;;;;;;;;;
Guinea;2017;4,27;;;;;;;;;;;;;
Guinea-Bissau;2004;7,67;;;;;;;;;;;;;
Guinea-Bissau;2005;7,22;;;;;;;;;;;;;
Guinea-Bissau;2006;7,08;;;;;;;;;;;;;
Guinea-Bissau;2007;7,36;;;;;;;;;;;;;
Guinea-Bissau;2008;6,95;;;;;;;;;;;;;
Guinea-Bissau;2009;7,00;;;;;;;;;;;;;
Guinea-Bissau;2010;6,47;;;;;;;;;;;;;
Guinea-Bissau;2011;6,14;;;;;;;;;;;;;
Guinea-Bissau;2012;5,76;;;;;;;;;;;;;
Guinea-Bissau;2013;6,93;;;;;;;;;;;;;
Guinea-Bissau;2014;9,51;;;;;;;;;;;;;
Guinea-Bissau;2015;8,59;;;;;;;;;;;;;
Guinea-Bissau;2016;7,65;;;;;;;;;;;;;
Guinea-Bissau;2017;6,85;;;;;;;;;;;;;
Guyana;2004;4,72;;;;;;;;;;;;;
Guyana;2005;4,98;;;;;;;;;;;;;
Guyana;2006;5,21;;;;;;;;;;;;;
Guyana;2007;5,54;;;;;;;;;;;;;
Guyana;2008;5,59;;;;;;;;;;;;;
Guyana;2009;5,70;;;;;;;;;;;;;
Guyana;2010;5,87;;;;;;;;;;;;;
Guyana;2011;5,57;;;;;;;;;;;;;
Guyana;2012;5,15;;;;;;;;;;;;;
Guyana;2013;5,24;;;;;;;;;;;;;
Guyana;2014;5,31;;;;;;;;;;;;;
Guyana;2015;5,37;;;;;;;;;;;;;
Guyana;2016;5,14;;;;;;;;;;;;;
Guyana;2017;5,66;;;;;;;;;;;;;
Haiti;2004;5,85;;;;;;;;;;;;;
Haiti;2005;5,51;;;;;;;;;;;;;
Haiti;2006;5,50;;;;;;;;;;;;;
Haiti;2007;5,90;;;;;;;;;;;;;
Haiti;2008;6,02;;;;;;;;;;;;;
Haiti;2009;6,17;;;;;;;;;;;;;
Haiti;2010;8,15;;;;;;;;;;;;;
Haiti;2011;10,23;;;;;;;;;;;;;
Haiti;2012;9,67;;;;;;;;;;;;;
Haiti;2013;7,24;;;;;;;;;;;;;
Haiti;2014;7,80;;;;;;;;;;;;;
Haiti;2015;8,63;;;;;;;;;;;;;
Haiti;2016;8,44;;;;;;;;;;;;;
Haiti;2017;8,08;;;;;;;;;;;;;
Honduras;2004;6,85;;;;;;;;;;;;;
Honduras;2005;7,50;;;;;;;;;;;;;
Honduras;2006;7,86;;;;;;;;;;;;;
Honduras;2007;8,08;;;;;;;;;;;;;
Honduras;2008;8,60;;;;;;;;;;;;;
Honduras;2009;9,00;;;;;;;;;;;;;
Honduras;2010;8,73;;;;;;;;;;;;;
Honduras;2011;8,79;;;;;;;;;;;;;
Honduras;2012;8,66;;;;;;;;;;;;;
Honduras;2013;8,48;;;;;;;;;;;;;
Honduras;2014;7,91;;;;;;;;;;;;;
Honduras;2015;7,48;;;;;;;;;;;;;
Honduras;2016;7,69;;;;;;;;;;;;;
Honduras;2017;7,00;;;;;;;;;;;;;
Hungary;2004;7,77;;;;;;;;;;;;;
Hungary;2005;8,00;;;;;;;;;;;;;
Hungary;2006;7,79;;;;;;;;;;;;;
Hungary;2007;7,22;;;;;;;;;;;;;
Hungary;2008;7,10;;;;;;;;;;;;;
Hungary;2009;7,24;;;;;;;;;;;;;
Hungary;2010;7,51;;;;;;;;;;;;;
Hungary;2011;7,53;;;;;;;;;;;;;
Hungary;2012;7,45;;;;;;;;;;;;;
Hungary;2013;7,25;;;;;;;;;;;;;
Hungary;2014;7,07;;;;;;;;;;;;;
Hungary;2015;6,89;;;;;;;;;;;;;
Hungary;2016;7,05;;;;;;;;;;;;;
Hungary;2017;6,79;;;;;;;;;;;;;
Iceland;2004;9,46;;;;;;;;;;;;;
Iceland;2005;9,15;;;;;;;;;;;;;
Iceland;2006;8,83;;;;;;;;;;;;;
Iceland;2007;8,63;;;;;;;;;;;;;
Iceland;2008;8,59;;;;;;;;;;;;;
Iceland;2009;8,87;;;;;;;;;;;;;
Iceland;2010;8,53;;;;;;;;;;;;;
Iceland;2011;8,25;;;;;;;;;;;;;
Iceland;2012;8,20;;;;;;;;;;;;;
Iceland;2013;8,22;;;;;;;;;;;;;
Iceland;2014;8,28;;;;;;;;;;;;;
Iceland;2015;8,13;;;;;;;;;;;;;
Iceland;2016;8,17;;;;;;;;;;;;;
Iceland;2017;8,34;;;;;;;;;;;;;
India;2004;3,96;;;;;;;;;;;;;
India;2005;3,79;;;;;;;;;;;;;
India;2006;3,63;;;;;;;;;;;;;
India;2007;3,52;;;;;;;;;;;;;
India;2008;3,51;;;;;;;;;;;;;
India;2009;3,49;;;;;;;;;;;;;
India;2010;3,27;;;;;;;;;;;;;
India;2011;3,25;;;;;;;;;;;;;
India;2012;3,33;;;;;;;;;;;;;
India;2013;3,75;;;;;;;;;;;;;
India;2014;3,62;;;;;;;;;;;;;
India;2015;3,60;;;;;;;;;;;;;
India;2016;3,51;;;;;;;;;;;;;
India;2017;3,54;;;;;;;;;;;;;
Indonesia;2004;2,17;;;;;;;;;;;;;
Indonesia;2005;2,58;;;;;;;;;;;;;
Indonesia;2006;2,67;;;;;;;;;;;;;
Indonesia;2007;2,88;;;;;;;;;;;;;
Indonesia;2008;2,61;;;;;;;;;;;;;
Indonesia;2009;2,68;;;;;;;;;;;;;
Indonesia;2010;2,96;;;;;;;;;;;;;
Indonesia;2011;2,96;;;;;;;;;;;;;
Indonesia;2012;2,90;;;;;;;;;;;;;
Indonesia;2013;2,96;;;;;;;;;;;;;
Indonesia;2014;3,12;;;;;;;;;;;;;
Indonesia;2015;2,99;;;;;;;;;;;;;
Indonesia;2016;3,09;;;;;;;;;;;;;
Indonesia;2017;2,87;;;;;;;;;;;;;
Iran;2004;5,19;;;;;;;;;;;;;
Iran;2005;5,31;;;;;;;;;;;;;
Iran;2006;5,20;;;;;;;;;;;;;
Iran;2007;5,04;;;;;;;;;;;;;
Iran;2008;5,28;;;;;;;;;;;;;
Iran;2009;6,56;;;;;;;;;;;;;
Iran;2010;6,75;;;;;;;;;;;;;
Iran;2011;6,61;;;;;;;;;;;;;
Iran;2012;6,64;;;;;;;;;;;;;
Iran;2013;5,99;;;;;;;;;;;;;
Iran;2014;6,91;;;;;;;;;;;;;
Iran;2015;7,76;;;;;;;;;;;;;
Iran;2016;8,86;;;;;;;;;;;;;
Iran;2017;8,66;;;;;;;;;;;;;
Iraq;2004;3,84;;;;;;;;;;;;;
Iraq;2005;2,90;;;;;;;;;;;;;
Iraq;2006;2,42;;;;;;;;;;;;;
Iraq;2007;3,11;;;;;;;;;;;;;
Iraq;2008;3,04;;;;;;;;;;;;;
Iraq;2009;3,77;;;;;;;;;;;;;
Iraq;2010;3,23;;;;;;;;;;;;;
Iraq;2011;2,79;;;;;;;;;;;;;
Iraq;2012;2,69;;;;;;;;;;;;;
Iraq;2013;2,82;;;;;;;;;;;;;
Iraq;2014;2,80;;;;;;;;;;;;;
Iraq;2015;3,14;;;;;;;;;;;;;
Iraq;2016;3,23;;;;;;;;;;;;;
Iraq;2017;4,13;;;;;;;;;;;;;
Ireland;2004;7,23;;;;;;;;;;;;;
Ireland;2005;7,65;;;;;;;;;;;;;
Ireland;2006;7,51;;;;;;;;;;;;;
Ireland;2007;7,80;;;;;;;;;;;;;
Ireland;2008;9,10;;;;;;;;;;;;;
Ireland;2009;10,49;;;;;;;;;;;;;
Ireland;2010;10,50;;;;;;;;;;;;;
Ireland;2011;10,71;;;;;;;;;;;;;
Ireland;2012;10,69;;;;;;;;;;;;;
Ireland;2013;10,30;;;;;;;;;;;;;
Ireland;2014;9,68;;;;;;;;;;;;;
Ireland;2015;7,32;;;;;;;;;;;;;
Ireland;2016;7,41;;;;;;;;;;;;;
Ireland;2017;7,15;;;;;;;;;;;;;
Israel;2004;7,03;;;;;;;;;;;;;
Israel;2005;7,12;;;;;;;;;;;;;
Israel;2006;6,91;;;;;;;;;;;;;
Israel;2007;6,89;;;;;;;;;;;;;
Israel;2008;6,97;;;;;;;;;;;;;
Israel;2009;7,07;;;;;;;;;;;;;
Israel;2010;7,02;;;;;;;;;;;;;
Israel;2011;6,98;;;;;;;;;;;;;
Israel;2012;7,11;;;;;;;;;;;;;
Israel;2013;7,08;;;;;;;;;;;;;
Israel;2014;7,15;;;;;;;;;;;;;
Israel;2015;7,11;;;;;;;;;;;;;
Israel;2016;7,15;;;;;;;;;;;;;
Israel;2017;7,50;;;;;;;;;;;;;
Italy;2004;8,17;;;;;;;;;;;;;
Italy;2005;8,34;;;;;;;;;;;;;
Italy;2006;8,44;;;;;;;;;;;;;
Italy;2007;8,14;;;;;;;;;;;;;
Italy;2008;8,53;;;;;;;;;;;;;
Italy;2009;8,95;;;;;;;;;;;;;
Italy;2010;8,92;;;;;;;;;;;;;
Italy;2011;8,77;;;;;;;;;;;;;
Italy;2012;8,78;;;;;;;;;;;;;
Italy;2013;8,78;;;;;;;;;;;;;
Italy;2014;8,87;;;;;;;;;;;;;
Italy;2015;8,86;;;;;;;;;;;;;
Italy;2016;8,73;;;;;;;;;;;;;
Italy;2017;8,68;;;;;;;;;;;;;
Jamaica;2004;4,80;;;;;;;;;;;;;
Jamaica;2005;4,55;;;;;;;;;;;;;
Jamaica;2006;4,21;;;;;;;;;;;;;
Jamaica;2007;5,32;;;;;;;;;;;;;
Jamaica;2008;5,61;;;;;;;;;;;;;
Jamaica;2009;5,15;;;;;;;;;;;;;
Jamaica;2010;5,30;;;;;;;;;;;;;
Jamaica;2011;5,24;;;;;;;;;;;;;
Jamaica;2012;4,89;;;;;;;;;;;;;
Jamaica;2013;4,95;;;;;;;;;;;;;
Jamaica;2014;5,17;;;;;;;;;;;;;
Jamaica;2015;5,63;;;;;;;;;;;;;
Jamaica;2016;5,71;;;;;;;;;;;;;
Jamaica;2017;6,14;;;;;;;;;;;;;
Japan;2004;7,66;;;;;;;;;;;;;
Japan;2005;7,78;;;;;;;;;;;;;
Japan;2006;7,81;;;;;;;;;;;;;
Japan;2007;7,89;;;;;;;;;;;;;
Japan;2008;8,20;;;;;;;;;;;;;
Japan;2009;9,06;;;;;;;;;;;;;
Japan;2010;9,16;;;;;;;;;;;;;
Japan;2011;10,62;;;;;;;;;;;;;
Japan;2012;10,79;;;;;;;;;;;;;
Japan;2013;10,79;;;;;;;;;;;;;
Japan;2014;10,83;;;;;;;;;;;;;
Japan;2015;10,89;;;;;;;;;;;;;
Japan;2016;10,83;;;;;;;;;;;;;
Japan;2017;10,80;;;;;;;;;;;;;
Jordan;2004;9,02;;;;;;;;;;;;;
Jordan;2005;8,86;;;;;;;;;;;;;
Jordan;2006;8,06;;;;;;;;;;;;;
Jordan;2007;8,30;;;;;;;;;;;;;
Jordan;2008;8,75;;;;;;;;;;;;;
Jordan;2009;9,50;;;;;;;;;;;;;
Jordan;2010;8,39;;;;;;;;;;;;;
Jordan;2011;8,30;;;;;;;;;;;;;
Jordan;2012;7,88;;;;;;;;;;;;;
Jordan;2013;7,25;;;;;;;;;;;;;
Jordan;2014;7,31;;;;;;;;;;;;;
Jordan;2015;7,59;;;;;;;;;;;;;
Jordan;2016;7,28;;;;;;;;;;;;;
Jordan;2017;8,12;;;;;;;;;;;;;
Kazakhstan;2004;3,98;;;;;;;;;;;;;
Kazakhstan;2005;3,90;;;;;;;;;;;;;
Kazakhstan;2006;3,40;;;;;;;;;;;;;
Kazakhstan;2007;2,70;;;;;;;;;;;;;
Kazakhstan;2008;3,05;;;;;;;;;;;;;
Kazakhstan;2009;3,50;;;;;;;;;;;;;
Kazakhstan;2010;2,74;;;;;;;;;;;;;
Kazakhstan;2011;2,60;;;;;;;;;;;;;
Kazakhstan;2012;3,04;;;;;;;;;;;;;
Kazakhstan;2013;2,66;;;;;;;;;;;;;
Kazakhstan;2014;2,97;;;;;;;;;;;;;
Kazakhstan;2015;3,04;;;;;;;;;;;;;
Kazakhstan;2016;3,42;;;;;;;;;;;;;
Kazakhstan;2017;3,13;;;;;;;;;;;;;
Kenya;2004;5,34;;;;;;;;;;;;;
Kenya;2005;5,31;;;;;;;;;;;;;
Kenya;2006;5,87;;;;;;;;;;;;;
Kenya;2007;6,00;;;;;;;;;;;;;
Kenya;2008;6,05;;;;;;;;;;;;;
Kenya;2009;6,03;;;;;;;;;;;;;
Kenya;2010;6,12;;;;;;;;;;;;;
Kenya;2011;5,81;;;;;;;;;;;;;
Kenya;2012;5,61;;;;;;;;;;;;;
Kenya;2013;5,52;;;;;;;;;;;;;
Kenya;2014;5,46;;;;;;;;;;;;;
Kenya;2015;5,22;;;;;;;;;;;;;
Kenya;2016;5,14;;;;;;;;;;;;;
Kenya;2017;4,84;;;;;;;;;;;;;
Kiribati;2004;12,42;;;;;;;;;;;;;
Kiribati;2005;11,51;;;;;;;;;;;;;
Kiribati;2006;11,58;;;;;;;;;;;;;
Kiribati;2007;11,35;;;;;;;;;;;;;
Kiribati;2008;14,08;;;;;;;;;;;;;
Kiribati;2009;13,44;;;;;;;;;;;;;
Kiribati;2010;9,21;;;;;;;;;;;;;
Kiribati;2011;8,58;;;;;;;;;;;;;
Kiribati;2012;8,60;;;;;;;;;;;;;
Kiribati;2013;9,46;;;;;;;;;;;;;
Kiribati;2014;9,94;;;;;;;;;;;;;
Kiribati;2015;7,99;;;;;;;;;;;;;
Kiribati;2016;9,32;;;;;;;;;;;;;
Kiribati;2017;10,78;;;;;;;;;;;;;
Kuwait;2004;2,76;;;;;;;;;;;;;
Kuwait;2005;2,38;;;;;;;;;;;;;
Kuwait;2006;2,25;;;;;;;;;;;;;
Kuwait;2007;2,13;;;;;;;;;;;;;
Kuwait;2008;1,93;;;;;;;;;;;;;
Kuwait;2009;3,87;;;;;;;;;;;;;
Kuwait;2010;2,76;;;;;;;;;;;;;
Kuwait;2011;2,62;;;;;;;;;;;;;
Kuwait;2012;2,57;;;;;;;;;;;;;
Kuwait;2013;2,59;;;;;;;;;;;;;
Kuwait;2014;3,20;;;;;;;;;;;;;
Kuwait;2015;4,01;;;;;;;;;;;;;
Kuwait;2016;4,03;;;;;;;;;;;;;
Kuwait;2017;5,30;;;;;;;;;;;;;
Kyrgyzstan;2004;6,20;;;;;;;;;;;;;
Kyrgyzstan;2005;7,45;;;;;;;;;;;;;
Kyrgyzstan;2006;8,31;;;;;;;;;;;;;
Kyrgyzstan;2007;6,93;;;;;;;;;;;;;
Kyrgyzstan;2008;6,53;;;;;;;;;;;;;
Kyrgyzstan;2009;6,90;;;;;;;;;;;;;
Kyrgyzstan;2010;6,95;;;;;;;;;;;;;
Kyrgyzstan;2011;7,11;;;;;;;;;;;;;
Kyrgyzstan;2012;8,51;;;;;;;;;;;;;
Kyrgyzstan;2013;8,19;;;;;;;;;;;;;
Kyrgyzstan;2014;7,36;;;;;;;;;;;;;
Kyrgyzstan;2015;7,15;;;;;;;;;;;;;
Kyrgyzstan;2016;6,41;;;;;;;;;;;;;
Kyrgyzstan;2017;6,19;;;;;;;;;;;;;
Laos;2004;3,54;;;;;;;;;;;;;
Laos;2005;3,34;;;;;;;;;;;;;
Laos;2006;2,93;;;;;;;;;;;;;
Laos;2007;3,15;;;;;;;;;;;;;
Laos;2008;2,77;;;;;;;;;;;;;
Laos;2009;3,46;;;;;;;;;;;;;
Laos;2010;2,91;;;;;;;;;;;;;
Laos;2011;1,94;;;;;;;;;;;;;
Laos;2012;2,08;;;;;;;;;;;;;
Laos;2013;2,40;;;;;;;;;;;;;
Laos;2014;2,30;;;;;;;;;;;;;
Laos;2015;2,45;;;;;;;;;;;;;
Laos;2016;2,36;;;;;;;;;;;;;
Laos;2017;2,53;;;;;;;;;;;;;
Latvia;2004;6,24;;;;;;;;;;;;;
Latvia;2005;5,86;;;;;;;;;;;;;
Latvia;2006;5,74;;;;;;;;;;;;;
Latvia;2007;5,54;;;;;;;;;;;;;
Latvia;2008;5,62;;;;;;;;;;;;;
Latvia;2009;6,13;;;;;;;;;;;;;
Latvia;2010;6,14;;;;;;;;;;;;;
Latvia;2011;5,57;;;;;;;;;;;;;
Latvia;2012;5,41;;;;;;;;;;;;;
Latvia;2013;5,40;;;;;;;;;;;;;
Latvia;2014;5,46;;;;;;;;;;;;;
Latvia;2015;5,69;;;;;;;;;;;;;
Latvia;2016;6,21;;;;;;;;;;;;;
Latvia;2017;6,01;;;;;;;;;;;;;
Lebanon;2004;8,00;;;;;;;;;;;;;
Lebanon;2005;7,55;;;;;;;;;;;;;
Lebanon;2006;8,65;;;;;;;;;;;;;
Lebanon;2007;8,54;;;;;;;;;;;;;
Lebanon;2008;7,79;;;;;;;;;;;;;
Lebanon;2009;6,99;;;;;;;;;;;;;
Lebanon;2010;7,44;;;;;;;;;;;;;
Lebanon;2011;8,15;;;;;;;;;;;;;
Lebanon;2012;7,93;;;;;;;;;;;;;
Lebanon;2013;7,58;;;;;;;;;;;;;
Lebanon;2014;7,85;;;;;;;;;;;;;
Lebanon;2015;7,68;;;;;;;;;;;;;
Lebanon;2016;7,98;;;;;;;;;;;;;
Lebanon;2017;8,45;;;;;;;;;;;;;
Lesotho;2004;5,63;;;;;;;;;;;;;
Lesotho;2005;5,07;;;;;;;;;;;;;
Lesotho;2006;5,69;;;;;;;;;;;;;
Lesotho;2007;6,77;;;;;;;;;;;;;
Lesotho;2008;7,25;;;;;;;;;;;;;
Lesotho;2009;8,38;;;;;;;;;;;;;
Lesotho;2010;7,62;;;;;;;;;;;;;
Lesotho;2011;8,80;;;;;;;;;;;;;
Lesotho;2012;8,58;;;;;;;;;;;;;
Lesotho;2013;9,01;;;;;;;;;;;;;
Lesotho;2014;8,65;;;;;;;;;;;;;
Lesotho;2015;8,49;;;;;;;;;;;;;
Lesotho;2016;8,01;;;;;;;;;;;;;
Lesotho;2017;8,95;;;;;;;;;;;;;
Liberia;2004;7,88;;;;;;;;;;;;;
Liberia;2005;8,97;;;;;;;;;;;;;
Liberia;2006;7,47;;;;;;;;;;;;;
Liberia;2007;9,39;;;;;;;;;;;;;
Liberia;2008;7,45;;;;;;;;;;;;;
Liberia;2009;9,50;;;;;;;;;;;;;
Liberia;2010;8,88;;;;;;;;;;;;;
Liberia;2011;9,23;;;;;;;;;;;;;
Liberia;2012;8,59;;;;;;;;;;;;;
Liberia;2013;8,19;;;;;;;;;;;;;
Liberia;2014;9,06;;;;;;;;;;;;;
Liberia;2015;10,38;;;;;;;;;;;;;
Liberia;2016;9,80;;;;;;;;;;;;;
Liberia;2017;8,16;;;;;;;;;;;;;
Libya;2004;3,49;;;;;;;;;;;;;
Libya;2005;2,60;;;;;;;;;;;;;
Libya;2006;2,51;;;;;;;;;;;;;
Libya;2007;2,44;;;;;;;;;;;;;
Libya;2008;2,64;;;;;;;;;;;;;
Libya;2009;4,29;;;;;;;;;;;;;
Libya;2010;3,59;;;;;;;;;;;;;
Libya;2011;6,05;;;;;;;;;;;;;
Libya;2012;0,00;;;;;;;;;;;;;
Libya;2013;0,00;;;;;;;;;;;;;
Libya;2014;0,00;;;;;;;;;;;;;
Libya;2015;0,00;;;;;;;;;;;;;
Libya;2016;0,00;;;;;;;;;;;;;
Libya;2017;0,00;;;;;;;;;;;;;
Liechtenstein;2004;0,00;;;;;;;;;;;;;
Liechtenstein;2005;0,00;;;;;;;;;;;;;
Liechtenstein;2006;0,00;;;;;;;;;;;;;
Liechtenstein;2007;0,00;;;;;;;;;;;;;
Liechtenstein;2008;0,00;;;;;;;;;;;;;
Liechtenstein;2009;0,00;;;;;;;;;;;;;
Liechtenstein;2010;0,00;;;;;;;;;;;;;
Liechtenstein;2011;0,00;;;;;;;;;;;;;
Liechtenstein;2012;0,00;;;;;;;;;;;;;
Liechtenstein;2013;0,00;;;;;;;;;;;;;
Liechtenstein;2014;0,00;;;;;;;;;;;;;
Liechtenstein;2015;0,00;;;;;;;;;;;;;
Liechtenstein;2016;0,00;;;;;;;;;;;;;
Liechtenstein;2017;0,00;;;;;;;;;;;;;
Lithuania;2004;5,51;;;;;;;;;;;;;
Lithuania;2005;5,64;;;;;;;;;;;;;
Lithuania;2006;5,84;;;;;;;;;;;;;
Lithuania;2007;5,76;;;;;;;;;;;;;
Lithuania;2008;6,29;;;;;;;;;;;;;
Lithuania;2009;7,36;;;;;;;;;;;;;
Lithuania;2010;6,83;;;;;;;;;;;;;
Lithuania;2011;6,51;;;;;;;;;;;;;
Lithuania;2012;6,29;;;;;;;;;;;;;
Lithuania;2013;6,14;;;;;;;;;;;;;
Lithuania;2014;6,20;;;;;;;;;;;;;
Lithuania;2015;6,49;;;;;;;;;;;;;
Lithuania;2016;6,64;;;;;;;;;;;;;
Lithuania;2017;6,48;;;;;;;;;;;;;
Luxembourg;2004;7,35;;;;;;;;;;;;;
Luxembourg;2005;7,18;;;;;;;;;;;;;
Luxembourg;2006;6,71;;;;;;;;;;;;;
Luxembourg;2007;6,23;;;;;;;;;;;;;
Luxembourg;2008;6,54;;;;;;;;;;;;;
Luxembourg;2009;7,34;;;;;;;;;;;;;
Luxembourg;2010;7,03;;;;;;;;;;;;;
Luxembourg;2011;6,11;;;;;;;;;;;;;
Luxembourg;2012;5,58;;;;;;;;;;;;;
Luxembourg;2013;5,53;;;;;;;;;;;;;
Luxembourg;2014;5,44;;;;;;;;;;;;;
Luxembourg;2015;5,28;;;;;;;;;;;;;
Luxembourg;2016;5,19;;;;;;;;;;;;;
Luxembourg;2017;5,26;;;;;;;;;;;;;
Madagascar;2004;6,13;;;;;;;;;;;;;
Madagascar;2005;6,01;;;;;;;;;;;;;
Madagascar;2006;5,89;;;;;;;;;;;;;
Madagascar;2007;5,21;;;;;;;;;;;;;
Madagascar;2008;4,72;;;;;;;;;;;;;
Madagascar;2009;5,01;;;;;;;;;;;;;
Madagascar;2010;5,32;;;;;;;;;;;;;
Madagascar;2011;5,19;;;;;;;;;;;;;
Madagascar;2012;4,41;;;;;;;;;;;;;
Madagascar;2013;4,23;;;;;;;;;;;;;
Madagascar;2014;5,08;;;;;;;;;;;;;
Madagascar;2015;5,72;;;;;;;;;;;;;
Madagascar;2016;6,02;;;;;;;;;;;;;
Madagascar;2017;5,51;;;;;;;;;;;;;
Malawi;2004;5,73;;;;;;;;;;;;;
Malawi;2005;6,06;;;;;;;;;;;;;
Malawi;2006;6,92;;;;;;;;;;;;;
Malawi;2007;7,66;;;;;;;;;;;;;
Malawi;2008;8,60;;;;;;;;;;;;;
Malawi;2009;8,27;;;;;;;;;;;;;
Malawi;2010;7,24;;;;;;;;;;;;;
Malawi;2011;7,49;;;;;;;;;;;;;
Malawi;2012;8,48;;;;;;;;;;;;;
Malawi;2013;11,58;;;;;;;;;;;;;
Malawi;2014;9,71;;;;;;;;;;;;;
Malawi;2015;9,33;;;;;;;;;;;;;
Malawi;2016;9,69;;;;;;;;;;;;;
Malawi;2017;9,64;;;;;;;;;;;;;
Malaysia;2004;2,87;;;;;;;;;;;;;
Malaysia;2005;2,80;;;;;;;;;;;;;
Malaysia;2006;3,12;;;;;;;;;;;;;
Malaysia;2007;3,08;;;;;;;;;;;;;
Malaysia;2008;3,02;;;;;;;;;;;;;
Malaysia;2009;3,28;;;;;;;;;;;;;
Malaysia;2010;3,18;;;;;;;;;;;;;
Malaysia;2011;3,34;;;;;;;;;;;;;
Malaysia;2012;3,49;;;;;;;;;;;;;
Malaysia;2013;3,52;;;;;;;;;;;;;
Malaysia;2014;3,73;;;;;;;;;;;;;
Malaysia;2015;3,82;;;;;;;;;;;;;
Malaysia;2016;3,69;;;;;;;;;;;;;
Malaysia;2017;3,71;;;;;;;;;;;;;
Maldives;2004;7,48;;;;;;;;;;;;;
Maldives;2005;8,83;;;;;;;;;;;;;
Maldives;2006;8,05;;;;;;;;;;;;;
Maldives;2007;8,31;;;;;;;;;;;;;
Maldives;2008;11,47;;;;;;;;;;;;;
Maldives;2009;10,09;;;;;;;;;;;;;
Maldives;2010;8,49;;;;;;;;;;;;;
Maldives;2011;7,92;;;;;;;;;;;;;
Maldives;2012;8,67;;;;;;;;;;;;;
Maldives;2013;8,14;;;;;;;;;;;;;
Maldives;2014;7,91;;;;;;;;;;;;;
Maldives;2015;8,69;;;;;;;;;;;;;
Maldives;2016;10,20;;;;;;;;;;;;;
Maldives;2017;9,03;;;;;;;;;;;;;
Mali;2004;5,22;;;;;;;;;;;;;
Mali;2005;5,20;;;;;;;;;;;;;
Mali;2006;5,46;;;;;;;;;;;;;
Mali;2007;5,25;;;;;;;;;;;;;
Mali;2008;5,05;;;;;;;;;;;;;
Mali;2009;5,23;;;;;;;;;;;;;
Mali;2010;4,68;;;;;;;;;;;;;
Mali;2011;4,02;;;;;;;;;;;;;
Mali;2012;3,75;;;;;;;;;;;;;
Mali;2013;3,97;;;;;;;;;;;;;
Mali;2014;4,48;;;;;;;;;;;;;
Mali;2015;4,11;;;;;;;;;;;;;
Mali;2016;3,78;;;;;;;;;;;;;
Mali;2017;4,10;;;;;;;;;;;;;
Malta;2004;8,12;;;;;;;;;;;;;
Malta;2005;8,68;;;;;;;;;;;;;
Malta;2006;8,84;;;;;;;;;;;;;
Malta;2007;8,22;;;;;;;;;;;;;
Malta;2008;7,96;;;;;;;;;;;;;
Malta;2009;8,08;;;;;;;;;;;;;
Malta;2010;8,21;;;;;;;;;;;;;
Malta;2011;8,56;;;;;;;;;;;;;
Malta;2012;8,61;;;;;;;;;;;;;
Malta;2013;8,83;;;;;;;;;;;;;
Malta;2014;9,34;;;;;;;;;;;;;
Malta;2015;9,21;;;;;;;;;;;;;
Malta;2016;9,12;;;;;;;;;;;;;
Malta;2017;9,20;;;;;;;;;;;;;
Marocco;2004;4,73;;;;;;;;;;;;;
Marocco;2005;4,76;;;;;;;;;;;;;
Marocco;2006;4,94;;;;;;;;;;;;;
Marocco;2007;5,42;;;;;;;;;;;;;
Marocco;2008;5,30;;;;;;;;;;;;;
Marocco;2009;5,84;;;;;;;;;;;;;
Marocco;2010;5,86;;;;;;;;;;;;;
Marocco;2011;5,73;;;;;;;;;;;;;
Marocco;2012;5,75;;;;;;;;;;;;;
Marocco;2013;5,69;;;;;;;;;;;;;
Marocco;2014;5,30;;;;;;;;;;;;;
Marocco;2015;5,07;;;;;;;;;;;;;
Marocco;2016;5,24;;;;;;;;;;;;;
Marocco;2017;5,24;;;;;;;;;;;;;
Mauritania;2004;4,78;;;;;;;;;;;;;
Mauritania;2005;4,58;;;;;;;;;;;;;
Mauritania;2006;3,48;;;;;;;;;;;;;
Mauritania;2007;3,72;;;;;;;;;;;;;
Mauritania;2008;3,89;;;;;;;;;;;;;
Mauritania;2009;4,01;;;;;;;;;;;;;
Mauritania;2010;3,42;;;;;;;;;;;;;
Mauritania;2011;3,24;;;;;;;;;;;;;
Mauritania;2012;3,41;;;;;;;;;;;;;
Mauritania;2013;3,67;;;;;;;;;;;;;
Mauritania;2014;4,25;;;;;;;;;;;;;
Mauritania;2015;4,70;;;;;;;;;;;;;
Mauritania;2016;4,22;;;;;;;;;;;;;
Mauritania;2017;4,50;;;;;;;;;;;;;
Mauritius;2004;3,36;;;;;;;;;;;;;
Mauritius;2005;3,57;;;;;;;;;;;;;
Mauritius;2006;3,65;;;;;;;;;;;;;
Mauritius;2007;3,57;;;;;;;;;;;;;
Mauritius;2008;3,99;;;;;;;;;;;;;
Mauritius;2009;4,23;;;;;;;;;;;;;
Mauritius;2010;4,58;;;;;;;;;;;;;
Mauritius;2011;4,31;;;;;;;;;;;;;
Mauritius;2012;4,28;;;;;;;;;;;;;
Mauritius;2013;4,68;;;;;;;;;;;;;
Mauritius;2014;5,49;;;;;;;;;;;;;
Mauritius;2015;5,70;;;;;;;;;;;;;
Mauritius;2016;5,71;;;;;;;;;;;;;
Mauritius;2017;5,72;;;;;;;;;;;;;
Mexico;2004;5,95;;;;;;;;;;;;;
Mexico;2005;5,84;;;;;;;;;;;;;
Mexico;2006;5,66;;;;;;;;;;;;;
Mexico;2007;5,77;;;;;;;;;;;;;
Mexico;2008;5,70;;;;;;;;;;;;;
Mexico;2009;6,13;;;;;;;;;;;;;
Mexico;2010;5,98;;;;;;;;;;;;;
Mexico;2011;5,70;;;;;;;;;;;;;
Mexico;2012;5,84;;;;;;;;;;;;;
Mexico;2013;5,94;;;;;;;;;;;;;
Mexico;2014;5,63;;;;;;;;;;;;;
Mexico;2015;5,80;;;;;;;;;;;;;
Mexico;2016;5,62;;;;;;;;;;;;;
Mexico;2017;5,52;;;;;;;;;;;;;
Micronesia;2004;12,03;;;;;;;;;;;;;
Micronesia;2005;17,73;;;;;;;;;;;;;
Micronesia;2006;10,74;;;;;;;;;;;;;
Micronesia;2007;11,06;;;;;;;;;;;;;
Micronesia;2008;11,99;;;;;;;;;;;;;
Micronesia;2009;12,55;;;;;;;;;;;;;
Micronesia;2010;13,11;;;;;;;;;;;;;
Micronesia;2011;13,10;;;;;;;;;;;;;
Micronesia;2012;12,31;;;;;;;;;;;;;
Micronesia;2013;12,18;;;;;;;;;;;;;
Micronesia;2014;11,77;;;;;;;;;;;;;
Micronesia;2015;12,50;;;;;;;;;;;;;
Micronesia;2016;13,18;;;;;;;;;;;;;
Micronesia;2017;12,32;;;;;;;;;;;;;
Mongolia;2004;3,57;;;;;;;;;;;;;
Mongolia;2005;3,76;;;;;;;;;;;;;
Mongolia;2006;3,75;;;;;;;;;;;;;
Mongolia;2007;4,08;;;;;;;;;;;;;
Mongolia;2008;4,56;;;;;;;;;;;;;
Mongolia;2009;4,46;;;;;;;;;;;;;
Mongolia;2010;3,74;;;;;;;;;;;;;
Mongolia;2011;3,59;;;;;;;;;;;;;
Mongolia;2012;3,85;;;;;;;;;;;;;
Mongolia;2013;4,07;;;;;;;;;;;;;
Mongolia;2014;4,19;;;;;;;;;;;;;
Mongolia;2015;4,24;;;;;;;;;;;;;
Mongolia;2016;4,42;;;;;;;;;;;;;
Mongolia;2017;4,01;;;;;;;;;;;;;
Montenegro;2004;0,00;;;;;;;;;;;;;
Montenegro;2005;0,00;;;;;;;;;;;;;
Montenegro;2006;0,00;;;;;;;;;;;;;
Montenegro;2007;0,00;;;;;;;;;;;;;
Montenegro;2008;0,00;;;;;;;;;;;;;
Montenegro;2009;0,00;;;;;;;;;;;;;
Montenegro;2010;0,00;;;;;;;;;;;;;
Montenegro;2011;0,00;;;;;;;;;;;;;
Montenegro;2012;0,00;;;;;;;;;;;;;
Montenegro;2013;0,00;;;;;;;;;;;;;
Montenegro;2014;0,00;;;;;;;;;;;;;
Montenegro;2015;0,00;;;;;;;;;;;;;
Montenegro;2016;0,00;;;;;;;;;;;;;
Montenegro;2017;0,00;;;;;;;;;;;;;
Mozambique;2004;4,15;;;;;;;;;;;;;
Mozambique;2005;4,92;;;;;;;;;;;;;
Mozambique;2006;4,59;;;;;;;;;;;;;
Mozambique;2007;4,57;;;;;;;;;;;;;
Mozambique;2008;4,71;;;;;;;;;;;;;
Mozambique;2009;5,65;;;;;;;;;;;;;
Mozambique;2010;5,83;;;;;;;;;;;;;
Mozambique;2011;5,40;;;;;;;;;;;;;
Mozambique;2012;5,62;;;;;;;;;;;;;
Mozambique;2013;6,50;;;;;;;;;;;;;
Mozambique;2014;6,58;;;;;;;;;;;;;
Mozambique;2015;7,24;;;;;;;;;;;;;
Mozambique;2016;7,85;;;;;;;;;;;;;
Mozambique;2017;8,14;;;;;;;;;;;;;
Myanmar;2004;2,12;;;;;;;;;;;;;
Myanmar;2005;2,14;;;;;;;;;;;;;
Myanmar;2006;2,14;;;;;;;;;;;;;
Myanmar;2007;2,05;;;;;;;;;;;;;
Myanmar;2008;2,14;;;;;;;;;;;;;
Myanmar;2009;2,10;;;;;;;;;;;;;
Myanmar;2010;1,87;;;;;;;;;;;;;
Myanmar;2011;1,92;;;;;;;;;;;;;
Myanmar;2012;2,44;;;;;;;;;;;;;
Myanmar;2013;3,24;;;;;;;;;;;;;
Myanmar;2014;4,39;;;;;;;;;;;;;
Myanmar;2015;5,48;;;;;;;;;;;;;
Myanmar;2016;5,11;;;;;;;;;;;;;
Myanmar;2017;5,09;;;;;;;;;;;;;
Namibia;2004;10,34;;;;;;;;;;;;;
Namibia;2005;10,34;;;;;;;;;;;;;
Namibia;2006;10,28;;;;;;;;;;;;;
Namibia;2007;10,79;;;;;;;;;;;;;
Namibia;2008;9,93;;;;;;;;;;;;;
Namibia;2009;9,05;;;;;;;;;;;;;
Namibia;2010;9,73;;;;;;;;;;;;;
Namibia;2011;9,83;;;;;;;;;;;;;
Namibia;2012;9,26;;;;;;;;;;;;;
Namibia;2013;8,67;;;;;;;;;;;;;
Namibia;2014;8,17;;;;;;;;;;;;;
Namibia;2015;9,71;;;;;;;;;;;;;
Namibia;2016;8,86;;;;;;;;;;;;;
Namibia;2017;8,29;;;;;;;;;;;;;
Nepal;2004;4,62;;;;;;;;;;;;;
Nepal;2005;4,51;;;;;;;;;;;;;
Nepal;2006;4,04;;;;;;;;;;;;;
Nepal;2007;4,19;;;;;;;;;;;;;
Nepal;2008;4,35;;;;;;;;;;;;;
Nepal;2009;4,45;;;;;;;;;;;;;
Nepal;2010;4,97;;;;;;;;;;;;;
Nepal;2011;5,08;;;;;;;;;;;;;
Nepal;2012;5,17;;;;;;;;;;;;;
Nepal;2013;5,32;;;;;;;;;;;;;
Nepal;2014;5,77;;;;;;;;;;;;;
Nepal;2015;6,22;;;;;;;;;;;;;
Nepal;2016;6,28;;;;;;;;;;;;;
Nepal;2017;5,49;;;;;;;;;;;;;
Netherlands;2004;9,11;;;;;;;;;;;;;
Netherlands;2005;9,10;;;;;;;;;;;;;
Netherlands;2006;9,08;;;;;;;;;;;;;
Netherlands;2007;9,05;;;;;;;;;;;;;
Netherlands;2008;9,28;;;;;;;;;;;;;
Netherlands;2009;9,99;;;;;;;;;;;;;
Netherlands;2010;10,16;;;;;;;;;;;;;
Netherlands;2011;10,23;;;;;;;;;;;;;
Netherlands;2012;10,54;;;;;;;;;;;;;
Netherlands;2013;10,58;;;;;;;;;;;;;
Netherlands;2014;10,57;;;;;;;;;;;;;
Netherlands;2015;10,32;;;;;;;;;;;;;
Netherlands;2016;10,25;;;;;;;;;;;;;
Netherlands;2017;10,06;;;;;;;;;;;;;
New Zealand;2004;7,90;;;;;;;;;;;;;
New Zealand;2005;8,27;;;;;;;;;;;;;
New Zealand;2006;8,63;;;;;;;;;;;;;
New Zealand;2007;8,32;;;;;;;;;;;;;
New Zealand;2008;9,11;;;;;;;;;;;;;
New Zealand;2009;9,62;;;;;;;;;;;;;
New Zealand;2010;9,59;;;;;;;;;;;;;
New Zealand;2011;9,51;;;;;;;;;;;;;
New Zealand;2012;9,65;;;;;;;;;;;;;
New Zealand;2013;9,36;;;;;;;;;;;;;
New Zealand;2014;9,42;;;;;;;;;;;;;
New Zealand;2015;9,31;;;;;;;;;;;;;
New Zealand;2016;9,27;;;;;;;;;;;;;
New Zealand;2017;9,02;;;;;;;;;;;;;
Nicaragua;2004;6,06;;;;;;;;;;;;;
Nicaragua;2005;6,22;;;;;;;;;;;;;
Nicaragua;2006;6,36;;;;;;;;;;;;;
Nicaragua;2007;6,96;;;;;;;;;;;;;
Nicaragua;2008;7,17;;;;;;;;;;;;;
Nicaragua;2009;7,69;;;;;;;;;;;;;
Nicaragua;2010;7,71;;;;;;;;;;;;;
Nicaragua;2011;7,45;;;;;;;;;;;;;
Nicaragua;2012;7,49;;;;;;;;;;;;;
Nicaragua;2013;7,64;;;;;;;;;;;;;
Nicaragua;2014;7,98;;;;;;;;;;;;;
Nicaragua;2015;7,96;;;;;;;;;;;;;
Nicaragua;2016;8,05;;;;;;;;;;;;;
Nicaragua;2017;8,32;;;;;;;;;;;;;
Niger;2004;7,29;;;;;;;;;;;;;
Niger;2005;8,20;;;;;;;;;;;;;
Niger;2006;8,28;;;;;;;;;;;;;
Niger;2007;7,63;;;;;;;;;;;;;
Niger;2008;7,39;;;;;;;;;;;;;
Niger;2009;7,94;;;;;;;;;;;;;
Niger;2010;6,87;;;;;;;;;;;;;
Niger;2011;6,65;;;;;;;;;;;;;
Niger;2012;5,84;;;;;;;;;;;;;
Niger;2013;5,94;;;;;;;;;;;;;
Niger;2014;5,85;;;;;;;;;;;;;
Niger;2015;7,14;;;;;;;;;;;;;
Niger;2016;6,16;;;;;;;;;;;;;
Niger;2017;7,66;;;;;;;;;;;;;
Nigeria;2004;4,63;;;;;;;;;;;;;
Nigeria;2005;4,47;;;;;;;;;;;;;
Nigeria;2006;4,26;;;;;;;;;;;;;
Nigeria;2007;3,91;;;;;;;;;;;;;
Nigeria;2008;3,70;;;;;;;;;;;;;
Nigeria;2009;3,58;;;;;;;;;;;;;
Nigeria;2010;3,30;;;;;;;;;;;;;
Nigeria;2011;3,32;;;;;;;;;;;;;
Nigeria;2012;3,36;;;;;;;;;;;;;
Nigeria;2013;3,42;;;;;;;;;;;;;
Nigeria;2014;3,35;;;;;;;;;;;;;
Nigeria;2015;3,58;;;;;;;;;;;;;
Nigeria;2016;3,65;;;;;;;;;;;;;
Nigeria;2017;3,76;;;;;;;;;;;;;
North Macedonia;2004;8,47;;;;;;;;;;;;;
North Macedonia;2005;7,68;;;;;;;;;;;;;
North Macedonia;2006;7,38;;;;;;;;;;;;;
North Macedonia;2007;6,57;;;;;;;;;;;;;
North Macedonia;2008;6,55;;;;;;;;;;;;;
North Macedonia;2009;6,53;;;;;;;;;;;;;
North Macedonia;2010;6,71;;;;;;;;;;;;;
North Macedonia;2011;6,52;;;;;;;;;;;;;
North Macedonia;2012;6,61;;;;;;;;;;;;;
North Macedonia;2013;6,72;;;;;;;;;;;;;
North Macedonia;2014;6,29;;;;;;;;;;;;;
North Macedonia;2015;6,34;;;;;;;;;;;;;
North Macedonia;2016;6,38;;;;;;;;;;;;;
North Macedonia;2017;6,59;;;;;;;;;;;;;
Norway;2004;8,82;;;;;;;;;;;;;
Norway;2005;8,33;;;;;;;;;;;;;
Norway;2006;7,91;;;;;;;;;;;;;
Norway;2007;8,05;;;;;;;;;;;;;
Norway;2008;7,96;;;;;;;;;;;;;
Norway;2009;9,07;;;;;;;;;;;;;
Norway;2010;8,91;;;;;;;;;;;;;
Norway;2011;8,79;;;;;;;;;;;;;
Norway;2012;8,78;;;;;;;;;;;;;
Norway;2013;8,93;;;;;;;;;;;;;
Norway;2014;9,34;;;;;;;;;;;;;
Norway;2015;10,13;;;;;;;;;;;;;
Norway;2016;10,59;;;;;;;;;;;;;
Norway;2017;10,32;;;;;;;;;;;;;
Oman;2004;2,98;;;;;;;;;;;;;
Oman;2005;2,59;;;;;;;;;;;;;
Oman;2006;2,31;;;;;;;;;;;;;
Oman;2007;2,43;;;;;;;;;;;;;
Oman;2008;2,01;;;;;;;;;;;;;
Oman;2009;2,83;;;;;;;;;;;;;
Oman;2010;2,82;;;;;;;;;;;;;
Oman;2011;2,55;;;;;;;;;;;;;
Oman;2012;2,55;;;;;;;;;;;;;
Oman;2013;2,79;;;;;;;;;;;;;
Oman;2014;3,53;;;;;;;;;;;;;
Oman;2015;4,30;;;;;;;;;;;;;
Oman;2016;4,36;;;;;;;;;;;;;
Oman;2017;3,97;;;;;;;;;;;;;
Pakistan;2004;2,35;;;;;;;;;;;;;
Pakistan;2005;2,71;;;;;;;;;;;;;
Pakistan;2006;3,01;;;;;;;;;;;;;
Pakistan;2007;3,14;;;;;;;;;;;;;
Pakistan;2008;2,92;;;;;;;;;;;;;
Pakistan;2009;2,61;;;;;;;;;;;;;
Pakistan;2010;2,60;;;;;;;;;;;;;
Pakistan;2011;2,34;;;;;;;;;;;;;
Pakistan;2012;2,36;;;;;;;;;;;;;
Pakistan;2013;2,60;;;;;;;;;;;;;
Pakistan;2014;2,72;;;;;;;;;;;;;
Pakistan;2015;2,69;;;;;;;;;;;;;
Pakistan;2016;2,86;;;;;;;;;;;;;
Pakistan;2017;2,90;;;;;;;;;;;;;
Palau;2004;9,98;;;;;;;;;;;;;
Palau;2005;9,39;;;;;;;;;;;;;
Palau;2006;9,67;;;;;;;;;;;;;
Palau;2007;9,86;;;;;;;;;;;;;
Palau;2008;9,45;;;;;;;;;;;;;
Palau;2009;10,36;;;;;;;;;;;;;
Palau;2010;11,61;;;;;;;;;;;;;
Palau;2011;10,82;;;;;;;;;;;;;
Palau;2012;11,64;;;;;;;;;;;;;
Palau;2013;12,12;;;;;;;;;;;;;
Palau;2014;12,17;;;;;;;;;;;;;
Palau;2015;11,39;;;;;;;;;;;;;
Palau;2016;12,00;;;;;;;;;;;;;
Palau;2017;12,13;;;;;;;;;;;;;
Panama;2004;6,99;;;;;;;;;;;;;
Panama;2005;6,09;;;;;;;;;;;;;
Panama;2006;6,45;;;;;;;;;;;;;
Panama;2007;6,93;;;;;;;;;;;;;
Panama;2008;6,85;;;;;;;;;;;;;
Panama;2009;7,00;;;;;;;;;;;;;
Panama;2010;7,09;;;;;;;;;;;;;
Panama;2011;6,59;;;;;;;;;;;;;
Panama;2012;6,56;;;;;;;;;;;;;
Panama;2013;6,65;;;;;;;;;;;;;
Panama;2014;6,92;;;;;;;;;;;;;
Panama;2015;6,81;;;;;;;;;;;;;
Panama;2016;7,32;;;;;;;;;;;;;
Panama;2017;6,90;;;;;;;;;;;;;
Papua New Guinea;2004;2,58;;;;;;;;;;;;;
Papua New Guinea;2005;2,44;;;;;;;;;;;;;
Papua New Guinea;2006;2,43;;;;;;;;;;;;;
Papua New Guinea;2007;2,42;;;;;;;;;;;;;
Papua New Guinea;2008;2,14;;;;;;;;;;;;;
Papua New Guinea;2009;2,33;;;;;;;;;;;;;
Papua New Guinea;2010;2,11;;;;;;;;;;;;;
Papua New Guinea;2011;2,29;;;;;;;;;;;;;
Papua New Guinea;2012;2,67;;;;;;;;;;;;;
Papua New Guinea;2013;3,00;;;;;;;;;;;;;
Papua New Guinea;2014;3,27;;;;;;;;;;;;;
Papua New Guinea;2015;1,82;;;;;;;;;;;;;
Papua New Guinea;2016;2,33;;;;;;;;;;;;;
Papua New Guinea;2017;2,27;;;;;;;;;;;;;
Paraguay;2004;4,23;;;;;;;;;;;;;
Paraguay;2005;4,08;;;;;;;;;;;;;
Paraguay;2006;4,23;;;;;;;;;;;;;
Paraguay;2007;4,18;;;;;;;;;;;;;
Paraguay;2008;4,16;;;;;;;;;;;;;
Paraguay;2009;4,47;;;;;;;;;;;;;
Paraguay;2010;4,63;;;;;;;;;;;;;
Paraguay;2011;5,05;;;;;;;;;;;;;
Paraguay;2012;6,54;;;;;;;;;;;;;
Paraguay;2013;6,07;;;;;;;;;;;;;
Paraguay;2014;6,65;;;;;;;;;;;;;
Paraguay;2015;6,75;;;;;;;;;;;;;
Paraguay;2016;6,73;;;;;;;;;;;;;
Paraguay;2017;6,65;;;;;;;;;;;;;
Peru;2004;4,83;;;;;;;;;;;;;
Peru;2005;4,59;;;;;;;;;;;;;
Peru;2006;4,54;;;;;;;;;;;;;
Peru;2007;4,40;;;;;;;;;;;;;
Peru;2008;4,45;;;;;;;;;;;;;
Peru;2009;4,95;;;;;;;;;;;;;
Peru;2010;4,72;;;;;;;;;;;;;
Peru;2011;4,62;;;;;;;;;;;;;
Peru;2012;4,76;;;;;;;;;;;;;
Peru;2013;4,70;;;;;;;;;;;;;
Peru;2014;4,99;;;;;;;;;;;;;
Peru;2015;5,03;;;;;;;;;;;;;
Peru;2016;5,07;;;;;;;;;;;;;
Peru;2017;4,99;;;;;;;;;;;;;
Philippines;2004;3,17;;;;;;;;;;;;;
Philippines;2005;3,90;;;;;;;;;;;;;
Philippines;2006;3,95;;;;;;;;;;;;;
Philippines;2007;3,92;;;;;;;;;;;;;
Philippines;2008;4,03;;;;;;;;;;;;;
Philippines;2009;4,35;;;;;;;;;;;;;
Philippines;2010;4,31;;;;;;;;;;;;;
Philippines;2011;4,21;;;;;;;;;;;;;
Philippines;2012;4,37;;;;;;;;;;;;;
Philippines;2013;4,46;;;;;;;;;;;;;
Philippines;2014;4,13;;;;;;;;;;;;;
Philippines;2015;4,32;;;;;;;;;;;;;
Philippines;2016;4,41;;;;;;;;;;;;;
Philippines;2017;4,45;;;;;;;;;;;;;
Poland;2004;5,87;;;;;;;;;;;;;
Poland;2005;5,81;;;;;;;;;;;;;
Poland;2006;5,80;;;;;;;;;;;;;
Poland;2007;5,87;;;;;;;;;;;;;
Poland;2008;6,37;;;;;;;;;;;;;
Poland;2009;6,59;;;;;;;;;;;;;
Poland;2010;6,42;;;;;;;;;;;;;
Poland;2011;6,23;;;;;;;;;;;;;
Poland;2012;6,20;;;;;;;;;;;;;
Poland;2013;6,38;;;;;;;;;;;;;
Poland;2014;6,35;;;;;;;;;;;;;
Poland;2015;6,40;;;;;;;;;;;;;
Poland;2016;6,54;;;;;;;;;;;;;
Poland;2017;6,56;;;;;;;;;;;;;
Portugal;2004;9,30;;;;;;;;;;;;;
Portugal;2005;9,44;;;;;;;;;;;;;
Portugal;2006;9,14;;;;;;;;;;;;;
Portugal;2007;9,07;;;;;;;;;;;;;
Portugal;2008;9,34;;;;;;;;;;;;;
Portugal;2009;9,88;;;;;;;;;;;;;
Portugal;2010;9,84;;;;;;;;;;;;;
Portugal;2011;9,53;;;;;;;;;;;;;
Portugal;2012;9,35;;;;;;;;;;;;;
Portugal;2013;9,08;;;;;;;;;;;;;
Portugal;2014;9,02;;;;;;;;;;;;;
Portugal;2015;8,98;;;;;;;;;;;;;
Portugal;2016;9,42;;;;;;;;;;;;;
Portugal;2017;9,33;;;;;;;;;;;;;
Republic of Moldova;2004;7,47;;;;;;;;;;;;;
Republic of Moldova;2005;7,96;;;;;;;;;;;;;
Republic of Moldova;2006;8,79;;;;;;;;;;;;;
Republic of Moldova;2007;9,18;;;;;;;;;;;;;
Republic of Moldova;2008;9,12;;;;;;;;;;;;;
Republic of Moldova;2009;11,40;;;;;;;;;;;;;
Republic of Moldova;2010;10,13;;;;;;;;;;;;;
Republic of Moldova;2011;9,10;;;;;;;;;;;;;
Republic of Moldova;2012;9,14;;;;;;;;;;;;;
Republic of Moldova;2013;8,68;;;;;;;;;;;;;
Republic of Moldova;2014;8,63;;;;;;;;;;;;;
Republic of Moldova;2015;8,56;;;;;;;;;;;;;
Republic of Moldova;2016;7,54;;;;;;;;;;;;;
Republic of Moldova;2017;7,01;;;;;;;;;;;;;
Qatar;2004;3,07;;;;;;;;;;;;;
Qatar;2005;2,57;;;;;;;;;;;;;
Qatar;2006;2,20;;;;;;;;;;;;;
Qatar;2007;1,97;;;;;;;;;;;;;
Qatar;2008;1,60;;;;;;;;;;;;;
Qatar;2009;2,15;;;;;;;;;;;;;
Qatar;2010;1,79;;;;;;;;;;;;;
Qatar;2011;1,60;;;;;;;;;;;;;
Qatar;2012;1,75;;;;;;;;;;;;;
Qatar;2013;2,08;;;;;;;;;;;;;
Qatar;2014;2,43;;;;;;;;;;;;;
Qatar;2015;3,17;;;;;;;;;;;;;
Qatar;2016;3,19;;;;;;;;;;;;;
Qatar;2017;2,72;;;;;;;;;;;;;
Romania;2004;5,48;;;;;;;;;;;;;
Romania;2005;5,53;;;;;;;;;;;;;
Romania;2006;5,07;;;;;;;;;;;;;
Romania;2007;5,02;;;;;;;;;;;;;
Romania;2008;5,02;;;;;;;;;;;;;
Romania;2009;5,28;;;;;;;;;;;;;
Romania;2010;5,77;;;;;;;;;;;;;
Romania;2011;4,70;;;;;;;;;;;;;
Romania;2012;4,72;;;;;;;;;;;;;
Romania;2013;5,19;;;;;;;;;;;;;
Romania;2014;5,03;;;;;;;;;;;;;
Romania;2015;4,94;;;;;;;;;;;;;
Romania;2016;4,99;;;;;;;;;;;;;
Romania;2017;5,15;;;;;;;;;;;;;
Russian Federation;2004;4,76;;;;;;;;;;;;;
Russian Federation;2005;4,77;;;;;;;;;;;;;
Russian Federation;2006;4,76;;;;;;;;;;;;;
Russian Federation;2007;4,74;;;;;;;;;;;;;
Russian Federation;2008;4,90;;;;;;;;;;;;;
Russian Federation;2009;5,64;;;;;;;;;;;;;
Russian Federation;2010;4,97;;;;;;;;;;;;;
Russian Federation;2011;4,79;;;;;;;;;;;;;
Russian Federation;2012;4,94;;;;;;;;;;;;;
Russian Federation;2013;5,08;;;;;;;;;;;;;
Russian Federation;2014;5,18;;;;;;;;;;;;;
Russian Federation;2015;5,30;;;;;;;;;;;;;
Russian Federation;2016;5,27;;;;;;;;;;;;;
Russian Federation;2017;5,34;;;;;;;;;;;;;
Rwanda;2004;8,54;;;;;;;;;;;;;
Rwanda;2005;8,78;;;;;;;;;;;;;
Rwanda;2006;7,83;;;;;;;;;;;;;
Rwanda;2007;8,24;;;;;;;;;;;;;
Rwanda;2008;7,95;;;;;;;;;;;;;
Rwanda;2009;8,13;;;;;;;;;;;;;
Rwanda;2010;8,46;;;;;;;;;;;;;
Rwanda;2011;8,22;;;;;;;;;;;;;
Rwanda;2012;8,36;;;;;;;;;;;;;
Rwanda;2013;6,97;;;;;;;;;;;;;
Rwanda;2014;7,17;;;;;;;;;;;;;
Rwanda;2015;6,86;;;;;;;;;;;;;
Rwanda;2016;7,14;;;;;;;;;;;;;
Rwanda;2017;6,93;;;;;;;;;;;;;
Saint Kitts and Nevis;2004;4,51;;;;;;;;;;;;;
Saint Kitts and Nevis;2005;4,74;;;;;;;;;;;;;
Saint Kitts and Nevis;2006;4,98;;;;;;;;;;;;;
Saint Kitts and Nevis;2007;4,80;;;;;;;;;;;;;
Saint Kitts and Nevis;2008;5,49;;;;;;;;;;;;;
Saint Kitts and Nevis;2009;5,48;;;;;;;;;;;;;
Saint Kitts and Nevis;2010;5,34;;;;;;;;;;;;;
Saint Kitts and Nevis;2011;5,28;;;;;;;;;;;;;
Saint Kitts and Nevis;2012;5,17;;;;;;;;;;;;;
Saint Kitts and Nevis;2013;5,26;;;;;;;;;;;;;
Saint Kitts and Nevis;2014;4,91;;;;;;;;;;;;;
Saint Kitts and Nevis;2015;5,32;;;;;;;;;;;;;
Saint Kitts and Nevis;2016;5,79;;;;;;;;;;;;;
Saint Kitts and Nevis;2017;5,69;;;;;;;;;;;;;
Saint Lucia;2004;5,32;;;;;;;;;;;;;
Saint Lucia;2005;5,43;;;;;;;;;;;;;
Saint Lucia;2006;5,73;;;;;;;;;;;;;
Saint Lucia;2007;5,76;;;;;;;;;;;;;
Saint Lucia;2008;5,64;;;;;;;;;;;;;
Saint Lucia;2009;5,74;;;;;;;;;;;;;
Saint Lucia;2010;5,35;;;;;;;;;;;;;
Saint Lucia;2011;5,61;;;;;;;;;;;;;
Saint Lucia;2012;5,58;;;;;;;;;;;;;
Saint Lucia;2013;5,77;;;;;;;;;;;;;
Saint Lucia;2014;4,84;;;;;;;;;;;;;
Saint Lucia;2015;4,61;;;;;;;;;;;;;
Saint Lucia;2016;4,99;;;;;;;;;;;;;
Saint Lucia;2017;4,71;;;;;;;;;;;;;
Saint Vincent and the Grenadines;2004;4,07;;;;;;;;;;;;;
Saint Vincent and the Grenadines;2005;4,04;;;;;;;;;;;;;
Saint Vincent and the Grenadines;2006;3,85;;;;;;;;;;;;;
Saint Vincent and the Grenadines;2007;3,98;;;;;;;;;;;;;
Saint Vincent and the Grenadines;2008;4,09;;;;;;;;;;;;;
Saint Vincent and the Grenadines;2009;4,33;;;;;;;;;;;;;
Saint Vincent and the Grenadines;2010;4,55;;;;;;;;;;;;;
Saint Vincent and the Grenadines;2011;4,47;;;;;;;;;;;;;
Saint Vincent and the Grenadines;2012;4,69;;;;;;;;;;;;;
Saint Vincent and the Grenadines;2013;4,57;;;;;;;;;;;;;
Saint Vincent and the Grenadines;2014;4,35;;;;;;;;;;;;;
Saint Vincent and the Grenadines;2015;4,08;;;;;;;;;;;;;
Saint Vincent and the Grenadines;2016;4,16;;;;;;;;;;;;;
Saint Vincent and the Grenadines;2017;4,31;;;;;;;;;;;;;
Samoa;2004;4,65;;;;;;;;;;;;;
Samoa;2005;4,76;;;;;;;;;;;;;
Samoa;2006;5,02;;;;;;;;;;;;;
Samoa;2007;4,87;;;;;;;;;;;;;
Samoa;2008;4,66;;;;;;;;;;;;;
Samoa;2009;5,41;;;;;;;;;;;;;
Samoa;2010;5,49;;;;;;;;;;;;;
Samoa;2011;5,42;;;;;;;;;;;;;
Samoa;2012;4,82;;;;;;;;;;;;;
Samoa;2013;6,17;;;;;;;;;;;;;
Samoa;2014;6,23;;;;;;;;;;;;;
Samoa;2015;5,67;;;;;;;;;;;;;
Samoa;2016;5,51;;;;;;;;;;;;;
Samoa;2017;5,51;;;;;;;;;;;;;
Sao Tome and Principe;2004;11,87;;;;;;;;;;;;;
Sao Tome and Principe;2005;11,52;;;;;;;;;;;;;
Sao Tome and Principe;2006;8,28;;;;;;;;;;;;;
Sao Tome and Principe;2007;8,17;;;;;;;;;;;;;
Sao Tome and Principe;2008;7,11;;;;;;;;;;;;;
Sao Tome and Principe;2009;7,20;;;;;;;;;;;;;
Sao Tome and Principe;2010;6,84;;;;;;;;;;;;;
Sao Tome and Principe;2011;6,76;;;;;;;;;;;;;
Sao Tome and Principe;2012;6,48;;;;;;;;;;;;;
Sao Tome and Principe;2013;7,94;;;;;;;;;;;;;
Sao Tome and Principe;2014;6,73;;;;;;;;;;;;;
Sao Tome and Principe;2015;5,34;;;;;;;;;;;;;
Sao Tome and Principe;2016;6,43;;;;;;;;;;;;;
Sao Tome and Principe;2017;6,46;;;;;;;;;;;;;
Saudi Arabia;2004;3,58;;;;;;;;;;;;;
Saudi Arabia;2005;3,42;;;;;;;;;;;;;
Saudi Arabia;2006;3,62;;;;;;;;;;;;;
Saudi Arabia;2007;3,56;;;;;;;;;;;;;
Saudi Arabia;2008;2,97;;;;;;;;;;;;;
Saudi Arabia;2009;4,29;;;;;;;;;;;;;
Saudi Arabia;2010;3,65;;;;;;;;;;;;;
Saudi Arabia;2011;3,71;;;;;;;;;;;;;
Saudi Arabia;2012;4,02;;;;;;;;;;;;;
Saudi Arabia;2013;4,47;;;;;;;;;;;;;
Saudi Arabia;2014;5,23;;;;;;;;;;;;;
Saudi Arabia;2015;6,00;;;;;;;;;;;;;
Saudi Arabia;2016;5,84;;;;;;;;;;;;;
Saudi Arabia;2017;7,00;;;;;;;;;;;;;
Senegal;2004;4,52;;;;;;;;;;;;;
Senegal;2005;3,67;;;;;;;;;;;;;
Senegal;2006;3,71;;;;;;;;;;;;;
Senegal;2007;3,34;;;;;;;;;;;;;
Senegal;2008;3,47;;;;;;;;;;;;;
Senegal;2009;3,80;;;;;;;;;;;;;
Senegal;2010;4,00;;;;;;;;;;;;;
Senegal;2011;4,19;;;;;;;;;;;;;
Senegal;2012;4,23;;;;;;;;;;;;;
Senegal;2013;4,37;;;;;;;;;;;;;
Senegal;2014;4,40;;;;;;;;;;;;;
Senegal;2015;4,38;;;;;;;;;;;;;
Senegal;2016;4,26;;;;;;;;;;;;;
Senegal;2017;4,07;;;;;;;;;;;;;
Serbia;2004;8,25;;;;;;;;;;;;;
Serbia;2005;8,28;;;;;;;;;;;;;
Serbia;2006;8,49;;;;;;;;;;;;;
Serbia;2007;9,38;;;;;;;;;;;;;
Serbia;2008;9,48;;;;;;;;;;;;;
Serbia;2009;9,35;;;;;;;;;;;;;
Serbia;2010;9,53;;;;;;;;;;;;;
Serbia;2011;9,11;;;;;;;;;;;;;
Serbia;2012;9,33;;;;;;;;;;;;;
Serbia;2013;9,31;;;;;;;;;;;;;
Serbia;2014;9,25;;;;;;;;;;;;;
Serbia;2015;8,82;;;;;;;;;;;;;
Serbia;2016;8,47;;;;;;;;;;;;;
Serbia;2017;8,23;;;;;;;;;;;;;
Seychelles;2004;5,20;;;;;;;;;;;;;
Seychelles;2005;4,98;;;;;;;;;;;;;
Seychelles;2006;4,68;;;;;;;;;;;;;
Seychelles;2007;4,09;;;;;;;;;;;;;
Seychelles;2008;3,99;;;;;;;;;;;;;
Seychelles;2009;3,88;;;;;;;;;;;;;
Seychelles;2010;4,83;;;;;;;;;;;;;
Seychelles;2011;4,80;;;;;;;;;;;;;
Seychelles;2012;5,73;;;;;;;;;;;;;
Seychelles;2013;4,51;;;;;;;;;;;;;
Seychelles;2014;4,74;;;;;;;;;;;;;
Seychelles;2015;4,59;;;;;;;;;;;;;
Seychelles;2016;5,18;;;;;;;;;;;;;
Seychelles;2017;4,99;;;;;;;;;;;;;
Sierra Leone;2004;10,96;;;;;;;;;;;;;
Sierra Leone;2005;11,04;;;;;;;;;;;;;
Sierra Leone;2006;10,39;;;;;;;;;;;;;
Sierra Leone;2007;10,04;;;;;;;;;;;;;
Sierra Leone;2008;9,87;;;;;;;;;;;;;
Sierra Leone;2009;11,10;;;;;;;;;;;;;
Sierra Leone;2010;10,94;;;;;;;;;;;;;
Sierra Leone;2011;13,28;;;;;;;;;;;;;
Sierra Leone;2012;10,59;;;;;;;;;;;;;
Sierra Leone;2013;11,57;;;;;;;;;;;;;
Sierra Leone;2014;19,73;;;;;;;;;;;;;
Sierra Leone;2015;20,41;;;;;;;;;;;;;
Sierra Leone;2016;16,53;;;;;;;;;;;;;
Sierra Leone;2017;16,62;;;;;;;;;;;;;
Singapore;2004;3,15;;;;;;;;;;;;;
Singapore;2005;3,03;;;;;;;;;;;;;
Singapore;2006;2,93;;;;;;;;;;;;;
Singapore;2007;2,84;;;;;;;;;;;;;
Singapore;2008;3,19;;;;;;;;;;;;;
Singapore;2009;3,40;;;;;;;;;;;;;
Singapore;2010;3,20;;;;;;;;;;;;;
Singapore;2011;3,16;;;;;;;;;;;;;
Singapore;2012;3,33;;;;;;;;;;;;;
Singapore;2013;3,69;;;;;;;;;;;;;
Singapore;2014;3,87;;;;;;;;;;;;;
Singapore;2015;4,18;;;;;;;;;;;;;
Singapore;2016;4,40;;;;;;;;;;;;;
Singapore;2017;4,42;;;;;;;;;;;;;
Slovakia;2004;6,37;;;;;;;;;;;;;
Slovakia;2005;6,59;;;;;;;;;;;;;
Slovakia;2006;6,85;;;;;;;;;;;;;
Slovakia;2007;7,18;;;;;;;;;;;;;
Slovakia;2008;6,96;;;;;;;;;;;;;
Slovakia;2009;7,95;;;;;;;;;;;;;
Slovakia;2010;7,74;;;;;;;;;;;;;
Slovakia;2011;7,36;;;;;;;;;;;;;
Slovakia;2012;7,55;;;;;;;;;;;;;
Slovakia;2013;7,51;;;;;;;;;;;;;
Slovakia;2014;6,89;;;;;;;;;;;;;
Slovakia;2015;6,79;;;;;;;;;;;;;
Slovakia;2016;7,11;;;;;;;;;;;;;
Slovakia;2017;6,77;;;;;;;;;;;;;
Slovenia;2004;7,94;;;;;;;;;;;;;
Slovenia;2005;8,00;;;;;;;;;;;;;
Slovenia;2006;7,82;;;;;;;;;;;;;
Slovenia;2007;7,51;;;;;;;;;;;;;
Slovenia;2008;7,85;;;;;;;;;;;;;
Slovenia;2009;8,54;;;;;;;;;;;;;
Slovenia;2010;8,57;;;;;;;;;;;;;
Slovenia;2011;8,54;;;;;;;;;;;;;
Slovenia;2012;8,72;;;;;;;;;;;;;
Slovenia;2013;8,74;;;;;;;;;;;;;
Slovenia;2014;8,50;;;;;;;;;;;;;
Slovenia;2015;8,50;;;;;;;;;;;;;
Slovenia;2016;8,48;;;;;;;;;;;;;
Slovenia;2017;8,19;;;;;;;;;;;;;
Solomon Islands;2004;8,42;;;;;;;;;;;;;
Solomon Islands;2005;9,98;;;;;;;;;;;;;
Solomon Islands;2006;9,11;;;;;;;;;;;;;
Solomon Islands;2007;8,57;;;;;;;;;;;;;
Solomon Islands;2008;6,49;;;;;;;;;;;;;
Solomon Islands;2009;8,61;;;;;;;;;;;;;
Solomon Islands;2010;10,33;;;;;;;;;;;;;
Solomon Islands;2011;6,71;;;;;;;;;;;;;
Solomon Islands;2012;5,55;;;;;;;;;;;;;
Solomon Islands;2013;5,38;;;;;;;;;;;;;
Solomon Islands;2014;5,73;;;;;;;;;;;;;
Solomon Islands;2015;5,19;;;;;;;;;;;;;
Solomon Islands;2016;5,00;;;;;;;;;;;;;
Solomon Islands;2017;4,74;;;;;;;;;;;;;
South Africa;2004;6,81;;;;;;;;;;;;;
South Africa;2005;6,71;;;;;;;;;;;;;
South Africa;2006;6,59;;;;;;;;;;;;;
South Africa;2007;6,43;;;;;;;;;;;;;
South Africa;2008;6,55;;;;;;;;;;;;;
South Africa;2009;7,11;;;;;;;;;;;;;
South Africa;2010;7,42;;;;;;;;;;;;;
South Africa;2011;7,50;;;;;;;;;;;;;
South Africa;2012;7,75;;;;;;;;;;;;;
South Africa;2013;7,72;;;;;;;;;;;;;
South Africa;2014;7,93;;;;;;;;;;;;;
South Africa;2015;8,20;;;;;;;;;;;;;
South Africa;2016;8,10;;;;;;;;;;;;;
South Africa;2017;8,11;;;;;;;;;;;;;
South Korea;2004;4,39;;;;;;;;;;;;;
South Korea;2005;4,62;;;;;;;;;;;;;
South Korea;2006;4,94;;;;;;;;;;;;;
South Korea;2007;5,11;;;;;;;;;;;;;
South Korea;2008;5,40;;;;;;;;;;;;;
South Korea;2009;5,78;;;;;;;;;;;;;
South Korea;2010;5,92;;;;;;;;;;;;;
South Korea;2011;6,01;;;;;;;;;;;;;
South Korea;2012;6,13;;;;;;;;;;;;;
South Korea;2013;6,25;;;;;;;;;;;;;
South Korea;2014;6,47;;;;;;;;;;;;;
South Korea;2015;6,65;;;;;;;;;;;;;
South Korea;2016;6,91;;;;;;;;;;;;;
South Korea;2017;7,11;;;;;;;;;;;;;
South Sudan;2004;0,00;;;;;;;;;;;;;
South Sudan;2005;0,00;;;;;;;;;;;;;
South Sudan;2006;0,00;;;;;;;;;;;;;
South Sudan;2007;0,00;;;;;;;;;;;;;
South Sudan;2008;0,00;;;;;;;;;;;;;
South Sudan;2009;0,00;;;;;;;;;;;;;
South Sudan;2010;0,00;;;;;;;;;;;;;
South Sudan;2011;0,00;;;;;;;;;;;;;
South Sudan;2012;0,00;;;;;;;;;;;;;
South Sudan;2013;0,00;;;;;;;;;;;;;
South Sudan;2014;0,00;;;;;;;;;;;;;
South Sudan;2015;0,00;;;;;;;;;;;;;
South Sudan;2016;0,00;;;;;;;;;;;;;
South Sudan;2017;8,37;;;;;;;;;;;;;
Spain;2004;7,66;;;;;;;;;;;;;
Spain;2005;7,73;;;;;;;;;;;;;
Spain;2006;7,83;;;;;;;;;;;;;
Spain;2007;7,92;;;;;;;;;;;;;
Spain;2008;8,38;;;;;;;;;;;;;
Spain;2009;9,11;;;;;;;;;;;;;
Spain;2010;9,12;;;;;;;;;;;;;
Spain;2011;9,17;;;;;;;;;;;;;
Spain;2012;9,16;;;;;;;;;;;;;
Spain;2013;9,07;;;;;;;;;;;;;
Spain;2014;9,09;;;;;;;;;;;;;
Spain;2015;9,13;;;;;;;;;;;;;
Spain;2016;8,95;;;;;;;;;;;;;
Spain;2017;8,94;;;;;;;;;;;;;
Sri Lanka;2004;4,18;;;;;;;;;;;;;
Sri Lanka;2005;4,01;;;;;;;;;;;;;
Sri Lanka;2006;3,98;;;;;;;;;;;;;
Sri Lanka;2007;3,95;;;;;;;;;;;;;
Sri Lanka;2008;3,98;;;;;;;;;;;;;
Sri Lanka;2009;4,19;;;;;;;;;;;;;
Sri Lanka;2010;3,87;;;;;;;;;;;;;
Sri Lanka;2011;3,72;;;;;;;;;;;;;
Sri Lanka;2012;3,40;;;;;;;;;;;;;
Sri Lanka;2013;3,83;;;;;;;;;;;;;
Sri Lanka;2014;3,61;;;;;;;;;;;;;
Sri Lanka;2015;3,89;;;;;;;;;;;;;
Sri Lanka;2016;3,86;;;;;;;;;;;;;
Sri Lanka;2017;3,81;;;;;;;;;;;;;
Sudan;2004;4,16;;;;;;;;;;;;;
Sudan;2005;4,09;;;;;;;;;;;;;
Sudan;2006;4,89;;;;;;;;;;;;;
Sudan;2007;5,66;;;;;;;;;;;;;
Sudan;2008;5,42;;;;;;;;;;;;;
Sudan;2009;6,39;;;;;;;;;;;;;
Sudan;2010;5,06;;;;;;;;;;;;;
Sudan;2011;5,62;;;;;;;;;;;;;
Sudan;2012;5,69;;;;;;;;;;;;;
Sudan;2013;6,96;;;;;;;;;;;;;
Sudan;2014;5,68;;;;;;;;;;;;;
Sudan;2015;7,19;;;;;;;;;;;;;
Sudan;2016;6,40;;;;;;;;;;;;;
Sudan;2017;6,30;;;;;;;;;;;;;
Suriname;2004;5,85;;;;;;;;;;;;;
Suriname;2005;5,61;;;;;;;;;;;;;
Suriname;2006;6,27;;;;;;;;;;;;;
Suriname;2007;5,59;;;;;;;;;;;;;
Suriname;2008;5,08;;;;;;;;;;;;;
Suriname;2009;5,33;;;;;;;;;;;;;
Suriname;2010;5,03;;;;;;;;;;;;;
Suriname;2011;4,72;;;;;;;;;;;;;
Suriname;2012;4,59;;;;;;;;;;;;;
Suriname;2013;4,80;;;;;;;;;;;;;
Suriname;2014;4,84;;;;;;;;;;;;;
Suriname;2015;6,22;;;;;;;;;;;;;
Suriname;2016;6,28;;;;;;;;;;;;;
Suriname;2017;6,23;;;;;;;;;;;;;
Sweden;2004;8,13;;;;;;;;;;;;;
Sweden;2005;8,15;;;;;;;;;;;;;
Sweden;2006;8,05;;;;;;;;;;;;;
Sweden;2007;7,99;;;;;;;;;;;;;
Sweden;2008;8,21;;;;;;;;;;;;;
Sweden;2009;8,77;;;;;;;;;;;;;
Sweden;2010;8,33;;;;;;;;;;;;;
Sweden;2011;10,42;;;;;;;;;;;;;
Sweden;2012;10,74;;;;;;;;;;;;;
Sweden;2013;10,90;;;;;;;;;;;;;
Sweden;2014;10,95;;;;;;;;;;;;;
Sweden;2015;10,80;;;;;;;;;;;;;
Sweden;2016;10,84;;;;;;;;;;;;;
Sweden;2017;10,79;;;;;;;;;;;;;
Switzerland;2004;10,48;;;;;;;;;;;;;
Switzerland;2005;10,29;;;;;;;;;;;;;
Switzerland;2006;9,82;;;;;;;;;;;;;
Switzerland;2007;9,63;;;;;;;;;;;;;
Switzerland;2008;9,75;;;;;;;;;;;;;
Switzerland;2009;10,38;;;;;;;;;;;;;
Switzerland;2010;10,28;;;;;;;;;;;;;
Switzerland;2011;10,34;;;;;;;;;;;;;
Switzerland;2012;10,62;;;;;;;;;;;;;
Switzerland;2013;10,83;;;;;;;;;;;;;
Switzerland;2014;10,99;;;;;;;;;;;;;
Switzerland;2015;11,37;;;;;;;;;;;;;
Switzerland;2016;11,71;;;;;;;;;;;;;
Switzerland;2017;11,90;;;;;;;;;;;;;
Syria;2004;4,48;;;;;;;;;;;;;
Syria;2005;4,11;;;;;;;;;;;;;
Syria;2006;3,78;;;;;;;;;;;;;
Syria;2007;3,72;;;;;;;;;;;;;
Syria;2008;3,40;;;;;;;;;;;;;
Syria;2009;3,55;;;;;;;;;;;;;
Syria;2010;3,28;;;;;;;;;;;;;
Syria;2011;3,33;;;;;;;;;;;;;
Syria;2012;3,57;;;;;;;;;;;;;
Syria;2013;0,00;;;;;;;;;;;;;
Syria;2014;0,00;;;;;;;;;;;;;
Syria;2015;0,00;;;;;;;;;;;;;
Syria;2016;0,00;;;;;;;;;;;;;
Syria;2017;0,00;;;;;;;;;;;;;
Tajikistan;2004;4,80;;;;;;;;;;;;;
Tajikistan;2005;5,21;;;;;;;;;;;;;
Tajikistan;2006;5,03;;;;;;;;;;;;;
Tajikistan;2007;5,54;;;;;;;;;;;;;
Tajikistan;2008;5,91;;;;;;;;;;;;;
Tajikistan;2009;5,86;;;;;;;;;;;;;
Tajikistan;2010;5,74;;;;;;;;;;;;;
Tajikistan;2011;5,86;;;;;;;;;;;;;
Tajikistan;2012;5,98;;;;;;;;;;;;;
Tajikistan;2013;6,53;;;;;;;;;;;;;
Tajikistan;2014;6,67;;;;;;;;;;;;;
Tajikistan;2015;6,91;;;;;;;;;;;;;
Tajikistan;2016;7,00;;;;;;;;;;;;;
Tajikistan;2017;7,23;;;;;;;;;;;;;
Tanzania;2004;5,74;;;;;;;;;;;;;
Tanzania;2005;6,32;;;;;;;;;;;;;
Tanzania;2006;7,60;;;;;;;;;;;;;
Tanzania;2007;6,88;;;;;;;;;;;;;
Tanzania;2008;5,56;;;;;;;;;;;;;
Tanzania;2009;5,06;;;;;;;;;;;;;
Tanzania;2010;5,22;;;;;;;;;;;;;
Tanzania;2011;5,06;;;;;;;;;;;;;
Tanzania;2012;5,02;;;;;;;;;;;;;
Tanzania;2013;4,65;;;;;;;;;;;;;
Tanzania;2014;4,01;;;;;;;;;;;;;
Tanzania;2015;3,65;;;;;;;;;;;;;
Tanzania;2016;3,96;;;;;;;;;;;;;
Tanzania;2017;3,64;;;;;;;;;;;;;
Thailand;2004;3,14;;;;;;;;;;;;;
Thailand;2005;3,16;;;;;;;;;;;;;
Thailand;2006;3,10;;;;;;;;;;;;;
Thailand;2007;3,19;;;;;;;;;;;;;
Thailand;2008;3,46;;;;;;;;;;;;;
Thailand;2009;3,62;;;;;;;;;;;;;
Thailand;2010;3,39;;;;;;;;;;;;;
Thailand;2011;3,57;;;;;;;;;;;;;
Thailand;2012;3,52;;;;;;;;;;;;;
Thailand;2013;3,45;;;;;;;;;;;;;
Thailand;2014;3,68;;;;;;;;;;;;;
Thailand;2015;3,67;;;;;;;;;;;;;
Thailand;2016;3,76;;;;;;;;;;;;;
Thailand;2017;3,83;;;;;;;;;;;;;
Togo;2004;3,69;;;;;;;;;;;;;
Togo;2005;3,97;;;;;;;;;;;;;
Togo;2006;4,16;;;;;;;;;;;;;
Togo;2007;4,43;;;;;;;;;;;;;
Togo;2008;4,44;;;;;;;;;;;;;
Togo;2009;4,96;;;;;;;;;;;;;
Togo;2010;5,90;;;;;;;;;;;;;
Togo;2011;6,00;;;;;;;;;;;;;
Togo;2012;6,14;;;;;;;;;;;;;
Togo;2013;6,30;;;;;;;;;;;;;
Togo;2014;6,36;;;;;;;;;;;;;
Togo;2015;6,25;;;;;;;;;;;;;
Togo;2016;6,60;;;;;;;;;;;;;
Togo;2017;6,02;;;;;;;;;;;;;
Tonga;2004;4,47;;;;;;;;;;;;;
Tonga;2005;4,16;;;;;;;;;;;;;
Tonga;2006;5,51;;;;;;;;;;;;;
Tonga;2007;4,60;;;;;;;;;;;;;
Tonga;2008;6,13;;;;;;;;;;;;;
Tonga;2009;3,88;;;;;;;;;;;;;
Tonga;2010;4,74;;;;;;;;;;;;;
Tonga;2011;3,86;;;;;;;;;;;;;
Tonga;2012;5,06;;;;;;;;;;;;;
Tonga;2013;4,17;;;;;;;;;;;;;
Tonga;2014;5,13;;;;;;;;;;;;;
Tonga;2015;4,58;;;;;;;;;;;;;
Tonga;2016;5,06;;;;;;;;;;;;;
Tonga;2017;5,06;;;;;;;;;;;;;
Trinidad and Tobago;2004;4,31;;;;;;;;;;;;;
Trinidad and Tobago;2005;4,43;;;;;;;;;;;;;
Trinidad and Tobago;2006;4,15;;;;;;;;;;;;;
Trinidad and Tobago;2007;4,15;;;;;;;;;;;;;
Trinidad and Tobago;2008;3,66;;;;;;;;;;;;;
Trinidad and Tobago;2009;5,49;;;;;;;;;;;;;
Trinidad and Tobago;2010;5,08;;;;;;;;;;;;;
Trinidad and Tobago;2011;4,72;;;;;;;;;;;;;
Trinidad and Tobago;2012;4,88;;;;;;;;;;;;;
Trinidad and Tobago;2013;5,06;;;;;;;;;;;;;
Trinidad and Tobago;2014;5,23;;;;;;;;;;;;;
Trinidad and Tobago;2015;6,04;;;;;;;;;;;;;
Trinidad and Tobago;2016;7,01;;;;;;;;;;;;;
Trinidad and Tobago;2017;7,02;;;;;;;;;;;;;
Tunisia;2004;5,45;;;;;;;;;;;;;
Tunisia;2005;5,40;;;;;;;;;;;;;
Tunisia;2006;5,38;;;;;;;;;;;;;
Tunisia;2007;5,43;;;;;;;;;;;;;
Tunisia;2008;5,42;;;;;;;;;;;;;
Tunisia;2009;5,67;;;;;;;;;;;;;
Tunisia;2010;5,88;;;;;;;;;;;;;
Tunisia;2011;6,43;;;;;;;;;;;;;
Tunisia;2012;6,61;;;;;;;;;;;;;
Tunisia;2013;6,86;;;;;;;;;;;;;
Tunisia;2014;6,81;;;;;;;;;;;;;
Tunisia;2015;7,01;;;;;;;;;;;;;
Tunisia;2016;7,00;;;;;;;;;;;;;
Tunisia;2017;7,26;;;;;;;;;;;;;
Turkey;2004;4,91;;;;;;;;;;;;;
Turkey;2005;4,89;;;;;;;;;;;;;
Turkey;2006;5,15;;;;;;;;;;;;;
Turkey;2007;5,24;;;;;;;;;;;;;
Turkey;2008;5,22;;;;;;;;;;;;;
Turkey;2009;5,49;;;;;;;;;;;;;
Turkey;2010;5,02;;;;;;;;;;;;;
Turkey;2011;4,65;;;;;;;;;;;;;
Turkey;2012;4,44;;;;;;;;;;;;;
Turkey;2013;4,37;;;;;;;;;;;;;
Turkey;2014;4,33;;;;;;;;;;;;;
Turkey;2015;4,12;;;;;;;;;;;;;
Turkey;2016;4,28;;;;;;;;;;;;;
Turkey;2017;4,18;;;;;;;;;;;;;
Turkmenistan;2004;10,58;;;;;;;;;;;;;
Turkmenistan;2005;9,56;;;;;;;;;;;;;
Turkmenistan;2006;8,41;;;;;;;;;;;;;
Turkmenistan;2007;5,29;;;;;;;;;;;;;
Turkmenistan;2008;5,91;;;;;;;;;;;;;
Turkmenistan;2009;4,81;;;;;;;;;;;;;
Turkmenistan;2010;5,00;;;;;;;;;;;;;
Turkmenistan;2011;4,90;;;;;;;;;;;;;
Turkmenistan;2012;4,78;;;;;;;;;;;;;
Turkmenistan;2013;5,15;;;;;;;;;;;;;
Turkmenistan;2014;5,50;;;;;;;;;;;;;
Turkmenistan;2015;6,30;;;;;;;;;;;;;
Turkmenistan;2016;6,62;;;;;;;;;;;;;
Turkmenistan;2017;6,93;;;;;;;;;;;;;
Uganda;2004;10,29;;;;;;;;;;;;;
Uganda;2005;11,36;;;;;;;;;;;;;
Uganda;2006;11,79;;;;;;;;;;;;;
Uganda;2007;11,68;;;;;;;;;;;;;
Uganda;2008;10,40;;;;;;;;;;;;;
Uganda;2009;9,74;;;;;;;;;;;;;
Uganda;2010;10,52;;;;;;;;;;;;;
Uganda;2011;8,92;;;;;;;;;;;;;
Uganda;2012;7,87;;;;;;;;;;;;;
Uganda;2013;7,25;;;;;;;;;;;;;
Uganda;2014;6,97;;;;;;;;;;;;;
Uganda;2015;6,79;;;;;;;;;;;;;
Uganda;2016;6,55;;;;;;;;;;;;;
Uganda;2017;6,49;;;;;;;;;;;;;
Ukraine;2004;6,17;;;;;;;;;;;;;
Ukraine;2005;6,35;;;;;;;;;;;;;
Ukraine;2006;6,42;;;;;;;;;;;;;
Ukraine;2007;6,02;;;;;;;;;;;;;
Ukraine;2008;5,50;;;;;;;;;;;;;
Ukraine;2009;6,61;;;;;;;;;;;;;
Ukraine;2010;6,81;;;;;;;;;;;;;
Ukraine;2011;6,82;;;;;;;;;;;;;
Ukraine;2012;7,12;;;;;;;;;;;;;
Ukraine;2013;6,94;;;;;;;;;;;;;
Ukraine;2014;7,19;;;;;;;;;;;;;
Ukraine;2015;7,78;;;;;;;;;;;;;
Ukraine;2016;7,55;;;;;;;;;;;;;
Ukraine;2017;7,43;;;;;;;;;;;;;
United Arab Emirates;2004;2,46;;;;;;;;;;;;;
United Arab Emirates;2005;2,32;;;;;;;;;;;;;
United Arab Emirates;2006;2,33;;;;;;;;;;;;;
United Arab Emirates;2007;2,57;;;;;;;;;;;;;
United Arab Emirates;2008;2,93;;;;;;;;;;;;;
United Arab Emirates;2009;4,05;;;;;;;;;;;;;
United Arab Emirates;2010;3,88;;;;;;;;;;;;;
United Arab Emirates;2011;3,67;;;;;;;;;;;;;
United Arab Emirates;2012;3,43;;;;;;;;;;;;;
United Arab Emirates;2013;3,59;;;;;;;;;;;;;
United Arab Emirates;2014;3,63;;;;;;;;;;;;;
United Arab Emirates;2015;3,58;;;;;;;;;;;;;
United Arab Emirates;2016;3,40;;;;;;;;;;;;;
United Arab Emirates;2017;4,14;;;;;;;;;;;;;
United Kingdom;2004;8,48;;;;;;;;;;;;;
United Kingdom;2005;8,53;;;;;;;;;;;;;
United Kingdom;2006;8,70;;;;;;;;;;;;;
United Kingdom;2007;8,87;;;;;;;;;;;;;
United Kingdom;2008;9,17;;;;;;;;;;;;;
United Kingdom;2009;10,02;;;;;;;;;;;;;
United Kingdom;2010;9,99;;;;;;;;;;;;;
United Kingdom;2011;9,97;;;;;;;;;;;;;
United Kingdom;2012;10,05;;;;;;;;;;;;;
United Kingdom;2013;9,98;;;;;;;;;;;;;
United Kingdom;2014;9,96;;;;;;;;;;;;;
United Kingdom;2015;9,90;;;;;;;;;;;;;
United Kingdom;2016;9,87;;;;;;;;;;;;;
United Kingdom;2017;9,83;;;;;;;;;;;;;
Uruguay;2004;9,02;;;;;;;;;;;;;
Uruguay;2005;8,43;;;;;;;;;;;;;
Uruguay;2006;8,41;;;;;;;;;;;;;
Uruguay;2007;8,14;;;;;;;;;;;;;
Uruguay;2008;8,83;;;;;;;;;;;;;
Uruguay;2009;8,64;;;;;;;;;;;;;
Uruguay;2010;8,59;;;;;;;;;;;;;
Uruguay;2011;8,64;;;;;;;;;;;;;
Uruguay;2012;8,76;;;;;;;;;;;;;
Uruguay;2013;8,82;;;;;;;;;;;;;
Uruguay;2014;8,77;;;;;;;;;;;;;
Uruguay;2015;9,01;;;;;;;;;;;;;
Uruguay;2016;9,42;;;;;;;;;;;;;
Uruguay;2017;9,52;;;;;;;;;;;;;
USA;2004;14,61;;;;;;;;;;;;;
USA;2005;14,61;;;;;;;;;;;;;
USA;2006;14,70;;;;;;;;;;;;;
USA;2007;14,92;;;;;;;;;;;;;
USA;2008;15,29;;;;;;;;;;;;;
USA;2009;16,28;;;;;;;;;;;;;
USA;2010;16,35;;;;;;;;;;;;;
USA;2011;16,30;;;;;;;;;;;;;
USA;2012;16,29;;;;;;;;;;;;;
USA;2013;16,21;;;;;;;;;;;;;
USA;2014;16,41;;;;;;;;;;;;;
USA;2015;16,71;;;;;;;;;;;;;
USA;2016;17,05;;;;;;;;;;;;;
USA;2017;17,00;;;;;;;;;;;;;
Uzbekistan;2004;4,94;;;;;;;;;;;;;
Uzbekistan;2005;4,88;;;;;;;;;;;;;
Uzbekistan;2006;4,85;;;;;;;;;;;;;
Uzbekistan;2007;4,63;;;;;;;;;;;;;
Uzbekistan;2008;4,80;;;;;;;;;;;;;
Uzbekistan;2009;4,89;;;;;;;;;;;;;
Uzbekistan;2010;5,12;;;;;;;;;;;;;
Uzbekistan;2011;5,28;;;;;;;;;;;;;
Uzbekistan;2012;5,59;;;;;;;;;;;;;
Uzbekistan;2013;5,66;;;;;;;;;;;;;
Uzbekistan;2014;4,67;;;;;;;;;;;;;
Uzbekistan;2015;4,99;;;;;;;;;;;;;
Uzbekistan;2016;4,97;;;;;;;;;;;;;
Uzbekistan;2017;5,08;;;;;;;;;;;;;
Vanuatu;2004;3,54;;;;;;;;;;;;;
Vanuatu;2005;3,31;;;;;;;;;;;;;
Vanuatu;2006;3,32;;;;;;;;;;;;;
Vanuatu;2007;3,05;;;;;;;;;;;;;
Vanuatu;2008;3,05;;;;;;;;;;;;;
Vanuatu;2009;3,16;;;;;;;;;;;;;
Vanuatu;2010;3,38;;;;;;;;;;;;;
Vanuatu;2011;3,50;;;;;;;;;;;;;
Vanuatu;2012;3,77;;;;;;;;;;;;;
Vanuatu;2013;4,15;;;;;;;;;;;;;
Vanuatu;2014;3,46;;;;;;;;;;;;;
Vanuatu;2015;4,16;;;;;;;;;;;;;
Vanuatu;2016;2,85;;;;;;;;;;;;;
Vanuatu;2017;2,76;;;;;;;;;;;;;
Venezuela;2004;6,78;;;;;;;;;;;;;
Venezuela;2005;6,06;;;;;;;;;;;;;
Venezuela;2006;8,10;;;;;;;;;;;;;
Venezuela;2007;7,78;;;;;;;;;;;;;
Venezuela;2008;6,41;;;;;;;;;;;;;
Venezuela;2009;7,55;;;;;;;;;;;;;
Venezuela;2010;6,83;;;;;;;;;;;;;
Venezuela;2011;7,18;;;;;;;;;;;;;
Venezuela;2012;6,45;;;;;;;;;;;;;
Venezuela;2013;5,59;;;;;;;;;;;;;
Venezuela;2014;5,78;;;;;;;;;;;;;
Venezuela;2015;5,80;;;;;;;;;;;;;
Venezuela;2016;5,23;;;;;;;;;;;;;
Venezuela;2017;6,22;;;;;;;;;;;;;
Viet Nam;2004;4,82;;;;;;;;;;;;;
Viet Nam;2005;5,10;;;;;;;;;;;;;
Viet Nam;2006;5,39;;;;;;;;;;;;;
Viet Nam;2007;5,46;;;;;;;;;;;;;
Viet Nam;2008;5,15;;;;;;;;;;;;;
Viet Nam;2009;5,29;;;;;;;;;;;;;
Viet Nam;2010;5,97;;;;;;;;;;;;;
Viet Nam;2011;5,87;;;;;;;;;;;;;
Viet Nam;2012;6,28;;;;;;;;;;;;;
Viet Nam;2013;6,34;;;;;;;;;;;;;
Viet Nam;2014;5,78;;;;;;;;;;;;;
Viet Nam;2015;5,65;;;;;;;;;;;;;
Viet Nam;2016;5,66;;;;;;;;;;;;;
Viet Nam;2017;5,93;;;;;;;;;;;;;
Yemen;2004;5,51;;;;;;;;;;;;;
Yemen;2005;5,21;;;;;;;;;;;;;
Yemen;2006;5,53;;;;;;;;;;;;;
Yemen;2007;5,82;;;;;;;;;;;;;
Yemen;2008;5,76;;;;;;;;;;;;;
Yemen;2009;5,99;;;;;;;;;;;;;
Yemen;2010;5,16;;;;;;;;;;;;;
Yemen;2011;4,77;;;;;;;;;;;;;
Yemen;2012;5,20;;;;;;;;;;;;;
Yemen;2013;4,96;;;;;;;;;;;;;
Yemen;2014;4,84;;;;;;;;;;;;;
Yemen;2015;4,88;;;;;;;;;;;;;
Yemen;2016;0,00;;;;;;;;;;;;;
Yemen;2017;0,00;;;;;;;;;;;;;
Zambia;2004;7,05;;;;;;;;;;;;;
Zambia;2005;6,86;;;;;;;;;;;;;
Zambia;2006;5,87;;;;;;;;;;;;;
Zambia;2007;4,35;;;;;;;;;;;;;
Zambia;2008;4,01;;;;;;;;;;;;;
Zambia;2009;4,43;;;;;;;;;;;;;
Zambia;2010;3,72;;;;;;;;;;;;;
Zambia;2011;3,46;;;;;;;;;;;;;
Zambia;2012;3,93;;;;;;;;;;;;;
Zambia;2013;4,69;;;;;;;;;;;;;
Zambia;2014;3,83;;;;;;;;;;;;;
Zambia;2015;4,44;;;;;;;;;;;;;
Zambia;2016;4,48;;;;;;;;;;;;;
Zambia;2017;4,40;;;;;;;;;;;;;
Zimbabwe;2004;0,00;;;;;;;;;;;;;
Zimbabwe;2005;0,00;;;;;;;;;;;;;
Zimbabwe;2006;0,00;;;;;;;;;;;;;
Zimbabwe;2007;0,00;;;;;;;;;;;;;
Zimbabwe;2008;0,00;;;;;;;;;;;;;
Zimbabwe;2009;0,00;;;;;;;;;;;;;
Zimbabwe;2010;10,48;;;;;;;;;;;;;
Zimbabwe;2011;8,08;;;;;;;;;;;;;
Zimbabwe;2012;6,92;;;;;;;;;;;;;
Zimbabwe;2013;7,11;;;;;;;;;;;;;
Zimbabwe;2014;8,13;;;;;;;;;;;;;
Zimbabwe;2015;7,45;;;;;;;;;;;;;
Zimbabwe;2016;7,65;;;;;;;;;;;;;
Zimbabwe;2017;5,85;;;;;;;;;;;;;
