Country;Date;Value
Afghanistan;2004;0.400
Afghanistan;2005;0.410
Afghanistan;2006;0.419
Afghanistan;2007;0.431
Afghanistan;2008;0.436
Afghanistan;2009;0.447
Afghanistan;2010;0.464
Afghanistan;2011;0.465
Afghanistan;2012;0.479
Afghanistan;2013;0.485
Afghanistan;2014;0.488
Afghanistan;2015;0.490
Afghanistan;2016;0.491
Afghanistan;2017;0.493
Albania;2004;0.692
Albania;2005;0.702
Albania;2006;0.709
Albania;2007;0.718
Albania;2008;0.724
Albania;2009;0.729
Albania;2010;0.740
Albania;2011;0.759
Albania;2012;0.771
Albania;2013;0.781
Albania;2014;0.787
Albania;2015;0.788
Albania;2016;0.788
Albania;2017;0.789
Algeria;2004;0.685
Algeria;2005;0.694
Algeria;2006;0.699
Algeria;2007;0.708
Algeria;2008;0.711
Algeria;2009;0.720
Algeria;2010;0.730
Algeria;2011;0.738
Algeria;2012;0.737
Algeria;2013;0.746
Algeria;2014;0.749
Algeria;2015;0.751
Algeria;2016;0.755
Algeria;2017;0.758
Andora;2004;0.826
Andora;2005;0.819
Andora;2006;0.829
Andora;2007;0.829
Andora;2008;0.831
Andora;2009;0.830
Andora;2010;0.828
Andora;2011;0.827
Andora;2012;0.849
Andora;2013;0.846
Andora;2014;0.853
Andora;2015;0.850
Andora;2016;0.854
Andora;2017;0.852
Angola;2004;0.440
Angola;2005;0.453
Angola;2006;0.466
Angola;2007;0.482
Angola;2008;0.494
Angola;2009;0.508
Angola;2010;0.510
Angola;2011;0.525
Angola;2012;0.537
Angola;2013;0.547
Angola;2014;0.557
Angola;2015;0.565
Angola;2016;0.570
Angola;2017;0.576
Antigua and Barbuda;2004;0
Antigua and Barbuda;2005;0.773
Antigua and Barbuda;2006;0.779
Antigua and Barbuda;2007;0.784
Antigua and Barbuda;2008;0.783
Antigua and Barbuda;2009;0.776
Antigua and Barbuda;2010;0.772
Antigua and Barbuda;2011;0.764
Antigua and Barbuda;2012;0.767
Antigua and Barbuda;2013;0.767
Antigua and Barbuda;2014;0.767
Antigua and Barbuda;2015;0.770
Antigua and Barbuda;2016;0.772
Antigua and Barbuda;2017;0.774
Argentina;2004;0.775
Argentina;2005;0.777
Argentina;2006;0.801
Argentina;2007;0.806
Argentina;2008;0.810
Argentina;2009;0.810
Argentina;2010;0.818
Argentina;2011;0.823
Argentina;2012;0.823
Argentina;2013;0.824
Argentina;2014;0.825
Argentina;2015;0.828
Argentina;2016;0.828
Argentina;2017;0.832
Armenia;2004;0.681
Armenia;2005;0.694
Armenia;2006;0.708
Armenia;2007;0.724
Armenia;2008;0.727
Armenia;2009;0.724
Armenia;2010;0.729
Armenia;2011;0.733
Armenia;2012;0.737
Armenia;2013;0.743
Armenia;2014;0.746
Armenia;2015;0.748
Armenia;2016;0.751
Armenia;2017;0.758
Australia;2004;0.907
Australia;2005;0.902
Australia;2006;0.905
Australia;2007;0.908
Australia;2008;0.922
Australia;2009;0.923
Australia;2010;0.926
Australia;2011;0.928
Australia;2012;0.932
Australia;2013;0.926
Australia;2014;0.929
Australia;2015;0.933
Australia;2016;0.935
Australia;2017;0.937
Austria;2004;0.849
Austria;2005;0.855
Austria;2006;0.861
Austria;2007;0.881
Austria;2008;0.884
Austria;2009;0.886
Austria;2010;0.895
Austria;2011;0.897
Austria;2012;0.899
Austria;2013;0.896
Austria;2014;0.904
Austria;2015;0.906
Austria;2016;0.909
Austria;2017;0.912
Azerbaijan;2004;0.674
Azerbaijan;2005;0.681
Azerbaijan;2006;0.707
Azerbaijan;2007;0.712
Azerbaijan;2008;0.721
Azerbaijan;2009;0.734
Azerbaijan;2010;0.732
Azerbaijan;2011;0.731
Azerbaijan;2012;0.736
Azerbaijan;2013;0.741
Azerbaijan;2014;0.746
Azerbaijan;2015;0.749
Azerbaijan;2016;0.749
Azerbaijan;2017;0.752
Bahamas;2004;0.790
Bahamas;2005;0.791
Bahamas;2006;0.794
Bahamas;2007;0.794
Bahamas;2008;0.794
Bahamas;2009;0.793
Bahamas;2010;0.795
Bahamas;2011;0.795
Bahamas;2012;0.797
Bahamas;2013;0.797
Bahamas;2014;0.796
Bahamas;2015;0.799
Bahamas;2016;0.800
Bahamas;2017;0.804
Bahrain;2004;0.792
Bahrain;2005;0.792
Bahrain;2006;0.793
Bahrain;2007;0.796
Bahrain;2008;0.796
Bahrain;2009;0.794
Bahrain;2010;0.796
Bahrain;2011;0.798
Bahrain;2012;0.800
Bahrain;2013;0.807
Bahrain;2014;0.810
Bahrain;2015;0.834
Bahrain;2016;0.839
Bahrain;2017;0.839
Bangladesh;2004;0.499
Bangladesh;2005;0.506
Bangladesh;2006;0.514
Bangladesh;2007;0.521
Bangladesh;2008;0.524
Bangladesh;2009;0.535
Bangladesh;2010;0.549
Bangladesh;2011;0.559
Bangladesh;2012;0.567
Bangladesh;2013;0.572
Bangladesh;2014;0.572
Bangladesh;2015;0.588
Bangladesh;2016;0.599
Bangladesh;2017;0.609
Barbados;2004;0.782
Barbados;2005;0.786
Barbados;2006;0.791
Barbados;2007;0.796
Barbados;2008;0.799
Barbados;2009;0.801
Barbados;2010;0.799
Barbados;2011;0.802
Barbados;2012;0.811
Barbados;2013;0.812
Barbados;2014;0.812
Barbados;2015;0.812
Barbados;2016;0.814
Barbados;2017;0.813
Belarus;2004;0.714
Belarus;2005;0.724
Belarus;2006;0.740
Belarus;2007;0.756
Belarus;2008;0.774
Belarus;2009;0.784
Belarus;2010;0.792
Belarus;2011;0.798
Belarus;2012;0.803
Belarus;2013;0.808
Belarus;2014;0.811
Belarus;2015;0.811
Belarus;2016;0.812
Belarus;2017;0.815
Belgium;2004;0.885
Belgium;2005;0.889
Belgium;2006;0.896
Belgium;2007;0.899
Belgium;2008;0.899
Belgium;2009;0.899
Belgium;2010;0.903
Belgium;2011;0.904
Belgium;2012;0.905
Belgium;2013;0.908
Belgium;2014;0.910
Belgium;2015;0.913
Belgium;2016;0.915
Belgium;2017;0.917
Belize;2004;0.668
Belize;2005;0.666
Belize;2006;0.676
Belize;2007;0.678
Belize;2008;0.683
Belize;2009;0.688
Belize;2010;0.693
Belize;2011;0.699
Belize;2012;0.706
Belize;2013;0.707
Belize;2014;0.710
Belize;2015;0.715
Belize;2016;0.722
Belize;2017;0.719
Benin;2004;0.434
Benin;2005;0.440
Benin;2006;0.447
Benin;2007;0.455
Benin;2008;0.462
Benin;2009;0.468
Benin;2010;0.473
Benin;2011;0.479
Benin;2012;0.489
Benin;2013;0.500
Benin;2014;0.505
Benin;2015;0.510
Benin;2016;0.512
Benin;2017;0.515
Bhutan;2004;0
Bhutan;2005;0.512
Bhutan;2006;0.524
Bhutan;2007;0.539
Bhutan;2008;0.547
Bhutan;2009;0.559
Bhutan;2010;0.571
Bhutan;2011;0.581
Bhutan;2012;0.591
Bhutan;2013;0.594
Bhutan;2014;0.601
Bhutan;2015;0.606
Bhutan;2016;0.610
Bhutan;2017;0.615
Bolivia;2004;0.630
Bolivia;2005;0.632
Bolivia;2006;0.638
Bolivia;2007;0.638
Bolivia;2008;0.647
Bolivia;2009;0.651
Bolivia;2010;0.656
Bolivia;2011;0.660
Bolivia;2012;0.663
Bolivia;2013;0.673
Bolivia;2014;0.678
Bolivia;2015;0.685
Bolivia;2016;0.692
Bolivia;2017;0.700
Bosnia and Herzegobina;2004;0.692
Bosnia and Herzegobina;2005;0.700
Bosnia and Herzegobina;2006;0.706
Bosnia and Herzegobina;2007;0.713
Bosnia and Herzegobina;2008;0.720
Bosnia and Herzegobina;2009;0.720
Bosnia and Herzegobina;2010;0.714
Bosnia and Herzegobina;2011;0.722
Bosnia and Herzegobina;2012;0.741
Bosnia and Herzegobina;2013;0.748
Bosnia and Herzegobina;2014;0.754
Bosnia and Herzegobina;2015;0.755
Bosnia and Herzegobina;2016;0.765
Bosnia and Herzegobina;2017;0.767
Botswana;2004;0.589
Botswana;2005;0.598
Botswana;2006;0.612
Botswana;2007;0.625
Botswana;2008;0.638
Botswana;2009;0.647
Botswana;2010;0.660
Botswana;2011;0.676
Botswana;2012;0.687
Botswana;2013;0.699
Botswana;2014;0.709
Botswana;2015;0.714
Botswana;2016;0.719
Botswana;2017;0.724
Brazil;2004;0.697
Brazil;2005;0.700
Brazil;2006;0.701
Brazil;2007;0.705
Brazil;2008;0.716
Brazil;2009;0.718
Brazil;2010;0.726
Brazil;2011;0.730
Brazil;2012;0.734
Brazil;2013;0.752
Brazil;2014;0.755
Brazil;2015;0.755
Brazil;2016;0.757
Brazil;2017;0.760
Brunei Darussalam;2004;0.820
Brunei Darussalam;2005;0.824
Brunei Darussalam;2006;0.827
Brunei Darussalam;2007;0.827
Brunei Darussalam;2008;0.828
Brunei Darussalam;2009;0.831
Brunei Darussalam;2010;0.832
Brunei Darussalam;2011;0.836
Brunei Darussalam;2012;0.843
Brunei Darussalam;2013;0.844
Brunei Darussalam;2014;0.845
Brunei Darussalam;2015;0.843
Brunei Darussalam;2016;0.844
Brunei Darussalam;2017;0.843
Bulgaria;2004;0.745
Bulgaria;2005;0.750
Bulgaria;2006;0.756
Bulgaria;2007;0.764
Bulgaria;2008;0.771
Bulgaria;2009;0.774
Bulgaria;2010;0.779
Bulgaria;2011;0.782
Bulgaria;2012;0.786
Bulgaria;2013;0.792
Bulgaria;2014;0.797
Bulgaria;2015;0.807
Bulgaria;2016;0.812
Bulgaria;2017;0.813
Burkina Faso;2004;0.312
Burkina Faso;2005;0.324
Burkina Faso;2006;0.333
Burkina Faso;2007;0.344
Burkina Faso;2008;0.357
Burkina Faso;2009;0.366
Burkina Faso;2010;0.375
Burkina Faso;2011;0.385
Burkina Faso;2012;0.394
Burkina Faso;2013;0.401
Burkina Faso;2014;0.405
Burkina Faso;2015;0.413
Burkina Faso;2016;0.420
Burkina Faso;2017;0.429
Burundi;2004;0.322
Burundi;2005;0.329
Burundi;2006;0.351
Burundi;2007;0.363
Burundi;2008;0.375
Burundi;2009;0.391
Burundi;2010;0.402
Burundi;2011;0.410
Burundi;2012;0.416
Burundi;2013;0.422
Burundi;2014;0.429
Burundi;2015;0.427
Burundi;2016;0.427
Burundi;2017;0.421
Cambodia;2004;0.478
Cambodia;2005;0.490
Cambodia;2006;0.502
Cambodia;2007;0.516
Cambodia;2008;0.521
Cambodia;2009;0.524
Cambodia;2010;0.535
Cambodia;2011;0.542
Cambodia;2012;0.548
Cambodia;2013;0.555
Cambodia;2014;0.561
Cambodia;2015;0.566
Cambodia;2016;0.572
Cambodia;2017;0.578
Cameroon;2004;0.468
Cameroon;2005;0.469
Cameroon;2006;0.470
Cameroon;2007;0.481
Cameroon;2008;0.489
Cameroon;2009;0.497
Cameroon;2010;0.471
Cameroon;2011;0.513
Cameroon;2012;0.524
Cameroon;2013;0.531
Cameroon;2014;0.540
Cameroon;2015;0.548
Cameroon;2016;0.556
Cameroon;2017;0.560
Canada;2004;0.887
Canada;2005;0.892
Canada;2006;0.895
Canada;2007;0.891
Canada;2008;0.893
Canada;2009;0.893
Canada;2010;0.895
Canada;2011;0.899
Canada;2012;0.906
Canada;2013;0.910
Canada;2014;0.914
Canada;2015;0.917
Canada;2016;0.920
Canada;2017;0.921
Cape Verde;2004;0.586
Cape Verde;2005;0.592
Cape Verde;2006;0.606
Cape Verde;2007;0.615
Cape Verde;2008;0.622
Cape Verde;2009;0.623
Cape Verde;2010;0.626
Cape Verde;2011;0.633
Cape Verde;2012;0.634
Cape Verde;2013;0.641
Cape Verde;2014;0.641
Cape Verde;2015;0.643
Cape Verde;2016;0.645
Cape Verde;2017;0.647
Central African Republic;2004;0.319
Central African Republic;2005;0.323
Central African Republic;2006;0.328
Central African Republic;2007;0.334
Central African Republic;2008;0.339
Central African Republic;2009;0.346
Central African Republic;2010;0.355
Central African Republic;2011;0.363
Central African Republic;2012;0.370
Central African Republic;2013;0.351
Central African Republic;2014;0.355
Central African Republic;2015;0.362
Central African Republic;2016;0.372
Central African Republic;2017;0.376
Chad;2004;0.326
Chad;2005;0.331
Chad;2006;0.337
Chad;2007;0.345
Chad;2008;0.350
Chad;2009;0.366
Chad;2010;0.374
Chad;2011;0.385
Chad;2012;0.393
Chad;2013;0.399
Chad;2014;0.406
Chad;2015;0.403
Chad;2016;0.398
Chad;2017;0.401
Chile;2004;0.782
Chile;2005;0.788
Chile;2006;0.787
Chile;2007;0.801
Chile;2008;0.811
Chile;2009;0.819
Chile;2010;0.800
Chile;2011;0.812
Chile;2012;0.818
Chile;2013;0.830
Chile;2014;0.834
Chile;2015;0.839
Chile;2016;0.843
Chile;2017;0.845
China;2004;0.631
China;2005;0.643
China;2006;0.657
China;2007;0.670
China;2008;0.681
China;2009;0.690
China;2010;0.702
China;2011;0.711
China;2012;0.719
China;2013;0.727
China;2014;0.735
China;2015;0.742
China;2016;0.749
China;2017;0.753
Colombia;2004;0.680
Colombia;2005;0.693
Colombia;2006;0.700
Colombia;2007;0.713
Colombia;2008;0.720
Colombia;2009;0.724
Colombia;2010;0.729
Colombia;2011;0.735
Colombia;2012;0.736
Colombia;2013;0.746
Colombia;2014;0.750
Colombia;2015;0.753
Colombia;2016;0.759
Colombia;2017;0.760
Comoros;2004;0.474
Comoros;2005;0.480
Comoros;2006;0.487
Comoros;2007;0.492
Comoros;2008;0.499
Comoros;2009;0.506
Comoros;2010;0.513
Comoros;2011;0.524
Comoros;2012;0.529
Comoros;2013;0.532
Comoros;2014;0.534
Comoros;2015;0.535
Comoros;2016;0.537
Comoros;2017;0.539
Congo;2004;0.508
Congo;2005;0.506
Congo;2006;0.508
Congo;2007;0.523
Congo;2008;0.538
Congo;2009;0.550
Congo;2010;0.557
Congo;2011;0.559
Congo;2012;0.571
Congo;2013;0.581
Congo;2014;0.595
Congo;2015;0.614
Congo;2016;0.613
Congo;2017;0.609
Costa Rica;2004;0.724
Costa Rica;2005;0.728
Costa Rica;2006;0.734
Costa Rica;2007;0.742
Costa Rica;2008;0.750
Costa Rica;2009;0.751
Costa Rica;2010;0.754
Costa Rica;2011;0.768
Costa Rica;2012;0.774
Costa Rica;2013;0.777
Costa Rica;2014;0.785
Costa Rica;2015;0.786
Costa Rica;2016;0.789
Costa Rica;2017;0.792
Cote de Ivoire;2004;0.417
Cote de Ivoire;2005;0.425
Cote de Ivoire;2006;0.430
Cote de Ivoire;2007;0.435
Cote de Ivoire;2008;0.441
Cote de Ivoire;2009;0.448
Cote de Ivoire;2010;0.454
Cote de Ivoire;2011;0.457
Cote de Ivoire;2012;0.467
Cote de Ivoire;2013;0.475
Cote de Ivoire;2014;0.478
Cote de Ivoire;2015;0.494
Cote de Ivoire;2016;0.508
Cote de Ivoire;2017;0.512
Croatia;2004;0.779
Croatia;2005;0.785
Croatia;2006;0.794
Croatia;2007;0.801
Croatia;2008;0.805
Croatia;2009;0.804
Croatia;2010;0.811
Croatia;2011;0.817
Croatia;2012;0.820
Croatia;2013;0.825
Croatia;2014;0.827
Croatia;2015;0.830
Croatia;2016;0.832
Croatia;2017;0.835
Cuba;2004;0.718
Cuba;2005;0.730
Cuba;2006;0.752
Cuba;2007;0.768
Cuba;2008;0.778
Cuba;2009;0.780
Cuba;2010;0.776
Cuba;2011;0.775
Cuba;2012;0.764
Cuba;2013;0.762
Cuba;2014;0.764
Cuba;2015;0.768
Cuba;2016;0.771
Cuba;2017;0.777
Cyprus;2004;0.826
Cyprus;2005;0.830
Cyprus;2006;0.836
Cyprus;2007;0.844
Cyprus;2008;0.852
Cyprus;2009;0.854
Cyprus;2010;0.850
Cyprus;2011;0.853
Cyprus;2012;0.852
Cyprus;2013;0.854
Cyprus;2014;0.856
Cyprus;2015;0.864
Cyprus;2016;0.869
Cyprus;2017;0.871
Czechia;2004;0.825
Czechia;2005;0.835
Czechia;2006;0.843
Czechia;2007;0.850
Czechia;2008;0.854
Czechia;2009;0.857
Czechia;2010;0.862
Czechia;2011;0.865
Czechia;2012;0.865
Czechia;2013;0.874
Czechia;2014;0.879
Czechia;2015;0.882
Czechia;2016;0.885
Czechia;2017;0.888
Democratic Republic of the Congo;2004;0.357
Democratic Republic of the Congo;2005;0.364
Democratic Republic of the Congo;2006;0.372
Democratic Republic of the Congo;2007;0.382
Democratic Republic of the Congo;2008;0.393
Democratic Republic of the Congo;2009;0.400
Democratic Republic of the Congo;2010;0.416
Democratic Republic of the Congo;2011;0.419
Democratic Republic of the Congo;2012;0.423
Democratic Republic of the Congo;2013;0.429
Democratic Republic of the Congo;2014;0.441
Democratic Republic of the Congo;2015;0.445
Democratic Republic of the Congo;2016;0.453
Democratic Republic of the Congo;2017;0.456
Denmark;2004;0.898
Denmark;2005;0.903
Denmark;2006;0.905
Denmark;2007;0.904
Denmark;2008;0.909
Denmark;2009;0.906
Denmark;2010;0.910
Denmark;2011;0.922
Denmark;2012;0.924
Denmark;2013;0.926
Denmark;2014;0.928
Denmark;2015;0.926
Denmark;2016;0.928
Denmark;2017;0.929
Djibouti;2004;0.394
Djibouti;2005;0.402
Djibouti;2006;0.414
Djibouti;2007;0.424
Djibouti;2008;0.432
Djibouti;2009;0.437
Djibouti;2010;0.446
Djibouti;2011;0.451
Djibouti;2012;0.459
Djibouti;2013;0.467
Djibouti;2014;0.475
Djibouti;2015;0.482
Djibouti;2016;0.489
Djibouti;2017;0.492
Dominica;2004;0.704
Dominica;2005;0.706
Dominica;2006;0.711
Dominica;2007;0.715
Dominica;2008;0.721
Dominica;2009;0.721
Dominica;2010;0.733
Dominica;2011;0.733
Dominica;2012;0.731
Dominica;2013;0.730
Dominica;2014;0.732
Dominica;2015;0.729
Dominica;2016;0.729
Dominica;2017;0.723
Dominican Republic;2004;0.666
Dominican Republic;2005;0.675
Dominican Republic;2006;0.682
Dominican Republic;2007;0.689
Dominican Republic;2008;0.692
Dominican Republic;2009;0.694
Dominican Republic;2010;0.701
Dominican Republic;2011;0.704
Dominican Republic;2012;0.708
Dominican Republic;2013;0.712
Dominican Republic;2014;0.724
Dominican Republic;2015;0.733
Dominican Republic;2016;0.738
Dominican Republic;2017;0.741
East Timor;2004;0.519
East Timor;2005;0.496
East Timor;2006;0.537
East Timor;2007;0.582
East Timor;2008;0.599
East Timor;2009;0.611
East Timor;2010;0.620
East Timor;2011;0.627
East Timor;2012;0.601
East Timor;2013;0.613
East Timor;2014;0.608
East Timor;2015;0.628
East Timor;2016;0.628
East Timor;2017;0.624
Ecuador;2004;0.687
Ecuador;2005;0.692
Ecuador;2006;0.695
Ecuador;2007;0.706
Ecuador;2008;0.711
Ecuador;2009;0.712
Ecuador;2010;0.716
Ecuador;2011;0.742
Ecuador;2012;0.740
Ecuador;2013;0.751
Ecuador;2014;0.750
Ecuador;2015;0.758
Ecuador;2016;0.756
Ecuador;2017;0.757
Egypt;2004;0.629
Egypt;2005;0.635
Egypt;2006;0.643
Egypt;2007;0.651
Egypt;2008;0.659
Egypt;2009;0.660
Egypt;2010;0.666
Egypt;2011;0.669
Egypt;2012;0.676
Egypt;2013;0.681
Egypt;2014;0.683
Egypt;2015;0.690
Egypt;2016;0.695
Egypt;2017;0.696
El Salvador;2004;0.631
El Salvador;2005;0.637
El Salvador;2006;0.645
El Salvador;2007;0.644
El Salvador;2008;0.647
El Salvador;2009;0.647
El Salvador;2010;0.659
El Salvador;2011;0.656
El Salvador;2012;0.660
El Salvador;2013;0.662
El Salvador;2014;0.660
El Salvador;2015;0.660
El Salvador;2016;0.662
El Salvador;2017;0.665
Equatorial Guinea;2004;0.545
Equatorial Guinea;2005;0.569
Equatorial Guinea;2006;0.579
Equatorial Guinea;2007;0.585
Equatorial Guinea;2008;0.586
Equatorial Guinea;2009;0.588
Equatorial Guinea;2010;0.580
Equatorial Guinea;2011;0.583
Equatorial Guinea;2012;0.587
Equatorial Guinea;2013;0.588
Equatorial Guinea;2014;0.590
Equatorial Guinea;2015;0.593
Equatorial Guinea;2016;0.592
Equatorial Guinea;2017;0.590
Estonia;2004;0.814
Estonia;2005;0.825
Estonia;2006;0.832
Estonia;2007;0.839
Estonia;2008;0.841
Estonia;2009;0.838
Estonia;2010;0.844
Estonia;2011;0.853
Estonia;2012;0.859
Estonia;2013;0.863
Estonia;2014;0.865
Estonia;2015;0.871
Estonia;2016;0.875
Estonia;2017;0.879
Ethiopia;2004;0.325
Ethiopia;2005;0.346
Ethiopia;2006;0.362
Ethiopia;2007;0.377
Ethiopia;2008;0.394
Ethiopia;2009;0.402
Ethiopia;2010;0.412
Ethiopia;2011;0.423
Ethiopia;2012;0.429
Ethiopia;2013;0.439
Ethiopia;2014;0.446
Ethiopia;2015;0.453
Ethiopia;2016;0.460
Ethiopia;2017;0.467
Fiji;2004;0.685
Fiji;2005;0.687
Fiji;2006;0.687
Fiji;2007;0.691
Fiji;2008;0.691
Fiji;2009;0.694
Fiji;2010;0.694
Fiji;2011;0.698
Fiji;2012;0.702
Fiji;2013;0.707
Fiji;2014;0.712
Fiji;2015;0.718
Fiji;2016;0.718
Fiji;2017;0.721
Finland;2004;0.891
Finland;2005;0.895
Finland;2006;0.899
Finland;2007;0.901
Finland;2008;0.904
Finland;2009;0.899
Finland;2010;0.903
Finland;2011;0.907
Finland;2012;0.908
Finland;2013;0.916
Finland;2014;0.918
Finland;2015;0.919
Finland;2016;0.922
Finland;2017;0.924
France;2004;0.852
France;2005;0.860
France;2006;0.865
France;2007;0.867
France;2008;0.869
France;2009;0.869
France;2010;0.872
France;2011;0.876
France;2012;0.878
France;2013;0.882
France;2014;0.887
France;2015;0.888
France;2016;0.887
France;2017;0.890
Gabon;2004;0.632
Gabon;2005;0.638
Gabon;2006;0.638
Gabon;2007;0.643
Gabon;2008;0.645
Gabon;2009;0.653
Gabon;2010;0.658
Gabon;2011;0.663
Gabon;2012;0.672
Gabon;2013;0.679
Gabon;2014;0.688
Gabon;2015;0.692
Gabon;2016;0.696
Gabon;2017;0.700
Gambia;2004;0.409
Gambia;2005;0.413
Gambia;2006;0.418
Gambia;2007;0.424
Gambia;2008;0.431
Gambia;2009;0.434
Gambia;2010;0.437
Gambia;2011;0.435
Gambia;2012;0.441
Gambia;2013;0.448
Gambia;2014;0.449
Gambia;2015;0.454
Gambia;2016;0.456
Gambia;2017;0.459
Georgia;2004;0.695
Georgia;2005;0.705
Georgia;2006;0.712
Georgia;2007;0.724
Georgia;2008;0.723
Georgia;2009;0.727
Georgia;2010;0.732
Georgia;2011;0.738
Georgia;2012;0.749
Georgia;2013;0.756
Georgia;2014;0.764
Georgia;2015;0.771
Georgia;2016;0.776
Georgia;2017;0.783
Germany;2004;0.899
Germany;2005;0.900
Germany;2006;0.910
Germany;2007;0.914
Germany;2008;0.916
Germany;2009;0.916
Germany;2010;0.920
Germany;2011;0.925
Germany;2012;0.927
Germany;2013;0.927
Germany;2014;0.930
Germany;2015;0.933
Germany;2016;0.936
Germany;2017;0.938
Ghana;2004;0.497
Ghana;2005;0.508
Ghana;2006;0.518
Ghana;2007;0.529
Ghana;2008;0.542
Ghana;2009;0.547
Ghana;2010;0.554
Ghana;2011;0.563
Ghana;2012;0.570
Ghana;2013;0.578
Ghana;2014;0.577
Ghana;2015;0.585
Ghana;2016;0.587
Ghana;2017;0.591
Greece;2004;0.835
Greece;2005;0.845
Greece;2006;0.851
Greece;2007;0.849
Greece;2008;0.857
Greece;2009;0.859
Greece;2010;0.857
Greece;2011;0.853
Greece;2012;0.856
Greece;2013;0.858
Greece;2014;0.866
Greece;2015;0.868
Greece;2016;0.866
Greece;2017;0.871
Grenada;2004;0.721
Grenada;2005;0.734
Grenada;2006;0.735
Grenada;2007;0.740
Grenada;2008;0.743
Grenada;2009;0.740
Grenada;2010;0.743
Grenada;2011;0.746
Grenada;2012;0.747
Grenada;2013;0.750
Grenada;2014;0.752
Grenada;2015;0.756
Grenada;2016;0.760
Grenada;2017;0.760
Guatemala;2004;0.567
Guatemala;2005;0.571
Guatemala;2006;0.579
Guatemala;2007;0.588
Guatemala;2008;0.594
Guatemala;2009;0.597
Guatemala;2010;0.602
Guatemala;2011;0.607
Guatemala;2012;0.613
Guatemala;2013;0.616
Guatemala;2014;0.643
Guatemala;2015;0.647
Guatemala;2016;0.648
Guatemala;2017;0.649
Guinea;2004;0.363
Guinea;2005;0.373
Guinea;2006;0.384
Guinea;2007;0.393
Guinea;2008;0.400
Guinea;2009;0.400
Guinea;2010;0.408
Guinea;2011;0.421
Guinea;2012;0.431
Guinea;2013;0.439
Guinea;2014;0.446
Guinea;2015;0.449
Guinea;2016;0.456
Guinea;2017;0.463
Guinea-Bissau;2004;0
Guinea-Bissau;2005;0.393
Guinea-Bissau;2006;0.401
Guinea-Bissau;2007;0.407
Guinea-Bissau;2008;0.413
Guinea-Bissau;2009;0.419
Guinea-Bissau;2010;0.426
Guinea-Bissau;2011;0.435
Guinea-Bissau;2012;0.437
Guinea-Bissau;2013;0.441
Guinea-Bissau;2014;0.450
Guinea-Bissau;2015;0.453
Guinea-Bissau;2016;0.457
Guinea-Bissau;2017;0.460
Guyana;2004;0.614
Guyana;2005;0.619
Guyana;2006;0.624
Guyana;2007;0.627
Guyana;2008;0.630
Guyana;2009;0.633
Guyana;2010;0.639
Guyana;2011;0.648
Guyana;2012;0.652
Guyana;2013;0.656
Guyana;2014;0.660
Guyana;2015;0.663
Guyana;2016;0.666
Guyana;2017;0.668
Haiti;2004;0.448
Haiti;2005;0.451
Haiti;2006;0.456
Haiti;2007;0.460
Haiti;2008;0.463
Haiti;2009;0.468
Haiti;2010;0.467
Haiti;2011;0.474
Haiti;2012;0.478
Haiti;2013;0.483
Haiti;2014;0.488
Haiti;2015;0.492
Haiti;2016;0.497
Haiti;2017;0.501
Honduras;2004;0.575
Honduras;2005;0.581
Honduras;2006;0.587
Honduras;2007;0.595
Honduras;2008;0.591
Honduras;2009;0.593
Honduras;2010;0.598
Honduras;2011;0.601
Honduras;2012;0.600
Honduras;2013;0.603
Honduras;2014;0.606
Honduras;2015;0.613
Honduras;2016;0.618
Honduras;2017;0.621
Hong Kong;2004;0.862
Hong Kong;2005;0.871
Hong Kong;2006;0.883
Hong Kong;2007;0.887
Hong Kong;2008;0.896
Hong Kong;2009;0.898
Hong Kong;2010;0.901
Hong Kong;2011;0.904
Hong Kong;2012;0.911
Hong Kong;2013;0.916
Hong Kong;2014;0.924
Hong Kong;2015;0.927
Hong Kong;2016;0.931
Hong Kong;2017;0.937
Hungary;2004;0.795
Hungary;2005;0.802
Hungary;2006;0.811
Hungary;2007;0.814
Hungary;2008;0.818
Hungary;2009;0.823
Hungary;2010;0.826
Hungary;2011;0.823
Hungary;2012;0.826
Hungary;2013;0.835
Hungary;2014;0.833
Hungary;2015;0.835
Hungary;2016;0.838
Hungary;2017;0.841
Iceland;2004;0.886
Iceland;2005;0.891
Iceland;2006;0.893
Iceland;2007;0.899
Iceland;2008;0.892
Iceland;2009;0.891
Iceland;2010;0.892
Iceland;2011;0.901
Iceland;2012;0.908
Iceland;2013;0.920
Iceland;2014;0.924
Iceland;2015;0.927
Iceland;2016;0.932
Iceland;2017;0.935
India;2004;0.530
India;2005;0.539
India;2006;0.548
India;2007;0.558
India;2008;0.565
India;2009;0.571
India;2010;0.581
India;2011;0.590
India;2012;0.600
India;2013;0.607
India;2014;0.618
India;2015;0.627
India;2016;0.637
India;2017;0.643
Indonesia;2004;0.629
Indonesia;2005;0.633
Indonesia;2006;0.643
Indonesia;2007;0.644
Indonesia;2008;0.648
Indonesia;2009;0.659
Indonesia;2010;0.666
Indonesia;2011;0.674
Indonesia;2012;0.682
Indonesia;2013;0.688
Indonesia;2014;0.691
Indonesia;2015;0.696
Indonesia;2016;0.700
Indonesia;2017;0.704
Iran;2004;0.691
Iran;2005;0.696
Iran;2006;0.732
Iran;2007;0.736
Iran;2008;0.741
Iran;2009;0.747
Iran;2010;0.756
Iran;2011;0.767
Iran;2012;0.782
Iran;2013;0.785
Iran;2014;0.788
Iran;2015;0.789
Iran;2016;0.799
Iran;2017;0.799
Iraq;2004;0.628
Iraq;2005;0.632
Iraq;2006;0.637
Iraq;2007;0.639
Iraq;2008;0.646
Iraq;2009;0.648
Iraq;2010;0.652
Iraq;2011;0.658
Iraq;2012;0.662
Iraq;2013;0.662
Iraq;2014;0.662
Iraq;2015;0.665
Iraq;2016;0.672
Iraq;2017;0.684
Ireland;2004;0.888
Ireland;2005;0.893
Ireland;2006;0.895
Ireland;2007;0.899
Ireland;2008;0.900
Ireland;2009;0.896
Ireland;2010;0.890
Ireland;2011;0.894
Ireland;2012;0.899
Ireland;2013;0.908
Ireland;2014;0.920
Ireland;2015;0.926
Ireland;2016;0.936
Ireland;2017;0.939
Israel;2004;0.867
Israel;2005;0.871
Israel;2006;0.872
Israel;2007;0.881
Israel;2008;0.880
Israel;2009;0.882
Israel;2010;0.887
Israel;2011;0.892
Israel;2012;0.893
Israel;2013;0.895
Israel;2014;0.900
Israel;2015;0.901
Israel;2016;0.902
Israel;2017;0.904
Italy;2004;0.852
Italy;2005;0.857
Italy;2006;0.862
Italy;2007;0.866
Italy;2008;0.868
Italy;2009;0.868
Italy;2010;0.871
Italy;2011;0.875
Italy;2012;0.874
Italy;2013;0.873
Italy;2014;0.874
Italy;2015;0.875
Italy;2016;0.878
Italy;2017;0.881
Jamaica;2004;0.695
Jamaica;2005;0.698
Jamaica;2006;0.702
Jamaica;2007;0.710
Jamaica;2008;0.728
Jamaica;2009;0.724
Jamaica;2010;0.723
Jamaica;2011;0.723
Jamaica;2012;0.722
Jamaica;2013;0.720
Jamaica;2014;0.720
Jamaica;2015;0.722
Jamaica;2016;0.722
Jamaica;2017;0.725
Japan;2004;0.869
Japan;2005;0.873
Japan;2006;0.877
Japan;2007;0.880
Japan;2008;0.881
Japan;2009;0.880
Japan;2010;0.885
Japan;2011;0.890
Japan;2012;0.895
Japan;2013;0.900
Japan;2014;0.904
Japan;2015;0.906
Japan;2016;0.910
Japan;2017;0.913
Jordan;2004;0.717
Jordan;2005;0.729
Jordan;2006;0.732
Jordan;2007;0.735
Jordan;2008;0.736
Jordan;2009;0.734
Jordan;2010;0.728
Jordan;2011;0.725
Jordan;2012;0.726
Jordan;2013;0.720
Jordan;2014;0.720
Jordan;2015;0.721
Jordan;2016;0.722
Jordan;2017;0.722
Kazakhstan;2004;0.737
Kazakhstan;2005;0.747
Kazakhstan;2006;0.754
Kazakhstan;2007;0.758
Kazakhstan;2008;0.758
Kazakhstan;2009;0.762
Kazakhstan;2010;0.764
Kazakhstan;2011;0.772
Kazakhstan;2012;0.782
Kazakhstan;2013;0.791
Kazakhstan;2014;0.798
Kazakhstan;2015;0.806
Kazakhstan;2016;0.808
Kazakhstan;2017;0.813
Kenya;2004;0.475
Kenya;2005;0.484
Kenya;2006;0.499
Kenya;2007;0.507
Kenya;2008;0.515
Kenya;2009;0.524
Kenya;2010;0.533
Kenya;2011;0.540
Kenya;2012;0.545
Kenya;2013;0.551
Kenya;2014;0.556
Kenya;2015;0.562
Kenya;2016;0.568
Kenya;2017;0.574
Kiribati;2004;0.585
Kiribati;2005;0.585
Kiribati;2006;0.582
Kiribati;2007;0.583
Kiribati;2008;0.586
Kiribati;2009;0.585
Kiribati;2010;0.589
Kiribati;2011;0.587
Kiribati;2012;0.596
Kiribati;2013;0.605
Kiribati;2014;0.613
Kiribati;2015;0.619
Kiribati;2016;0.622
Kiribati;2017;0.623
Kuwait;2004;0.789
Kuwait;2005;0.783
Kuwait;2006;0.788
Kuwait;2007;0.789
Kuwait;2008;0.790
Kuwait;2009;0.792
Kuwait;2010;0.794
Kuwait;2011;0.796
Kuwait;2012;0.800
Kuwait;2013;0.798
Kuwait;2014;0.800
Kuwait;2015;0.807
Kuwait;2016;0.809
Kuwait;2017;0.809
Kyrgyzstan;2004;0.615
Kyrgyzstan;2005;0.616
Kyrgyzstan;2006;0.621
Kyrgyzstan;2007;0.628
Kyrgyzstan;2008;0.631
Kyrgyzstan;2009;0.635
Kyrgyzstan;2010;0.636
Kyrgyzstan;2011;0.639
Kyrgyzstan;2012;0.649
Kyrgyzstan;2013;0.658
Kyrgyzstan;2014;0.663
Kyrgyzstan;2015;0.666
Kyrgyzstan;2016;0.669
Kyrgyzstan;2017;0.671
Laos;2004;0.496
Laos;2005;0.505
Laos;2006;0.511
Laos;2007;0.521
Laos;2008;0.528
Laos;2009;0.539
Laos;2010;0.546
Laos;2011;0.558
Laos;2012;0.569
Laos;2013;0.579
Laos;2014;0.586
Laos;2015;0.594
Laos;2016;0.598
Laos;2017;0.602
Latvia;2004;0.788
Latvia;2005;0.802
Latvia;2006;0.809
Latvia;2007;0.818
Latvia;2008;0.821
Latvia;2009;0.819
Latvia;2010;0.817
Latvia;2011;0.822
Latvia;2012;0.825
Latvia;2013;0.834
Latvia;2014;0.836
Latvia;2015;0.842
Latvia;2016;0.845
Latvia;2017;0.849
Lebanon;2004;0
Lebanon;2005;0.724
Lebanon;2006;0.723
Lebanon;2007;0.736
Lebanon;2008;0.742
Lebanon;2009;0.749
Lebanon;2010;0.751
Lebanon;2011;0.753
Lebanon;2012;0.744
Lebanon;2013;0.741
Lebanon;2014;0.732
Lebanon;2015;0.728
Lebanon;2016;0.725
Lebanon;2017;0.732
Lesotho;2004;0.433
Lesotho;2005;0.430
Lesotho;2006;0.431
Lesotho;2007;0.441
Lesotho;2008;0.446
Lesotho;2009;0.455
Lesotho;2010;0.461
Lesotho;2011;0.470
Lesotho;2012;0.480
Lesotho;2013;0.486
Lesotho;2014;0.493
Lesotho;2015;0.499
Lesotho;2016;0.507
Lesotho;2017;0.514
Liberia;2004;0.412
Liberia;2005;0.417
Liberia;2006;0.424
Liberia;2007;0.431
Liberia;2008;0.436
Liberia;2009;0.438
Liberia;2010;0.441
Liberia;2011;0.457
Liberia;2012;0.455
Liberia;2013;0.463
Liberia;2014;0.464
Liberia;2015;0.463
Liberia;2016;0.463
Liberia;2017;0.466
Libya;2004;0.745
Libya;2005;0.749
Libya;2006;0.753
Libya;2007;0.754
Libya;2008;0.759
Libya;2009;0.757
Libya;2010;0.757
Libya;2011;0.708
Libya;2012;0.742
Libya;2013;0.707
Libya;2014;0.693
Libya;2015;0.691
Libya;2016;0.690
Libya;2017;0.704
Liechtenstein;2004;0.883
Liechtenstein;2005;0.886
Liechtenstein;2006;0.890
Liechtenstein;2007;0.893
Liechtenstein;2008;0.899
Liechtenstein;2009;0.899
Liechtenstein;2010;0.904
Liechtenstein;2011;0.909
Liechtenstein;2012;0.910
Liechtenstein;2013;0.912
Liechtenstein;2014;0.911
Liechtenstein;2015;0.912
Liechtenstein;2016;0.915
Liechtenstein;2017;0.916
Lithuania;2004;0.798
Lithuania;2005;0.810
Lithuania;2006;0.819
Lithuania;2007;0.826
Lithuania;2008;0.831
Lithuania;2009;0.821
Lithuania;2010;0.824
Lithuania;2011;0.831
Lithuania;2012;0.835
Lithuania;2013;0.840
Lithuania;2014;0.852
Lithuania;2015;0.855
Lithuania;2016;0.860
Lithuania;2017;0.866
Luxembourg;2004;0.876
Luxembourg;2005;0.880
Luxembourg;2006;0.884
Luxembourg;2007;0.888
Luxembourg;2008;0.890
Luxembourg;2009;0.885
Luxembourg;2010;0.893
Luxembourg;2011;0.892
Luxembourg;2012;0.892
Luxembourg;2013;0.892
Luxembourg;2014;0.895
Luxembourg;2015;0.899
Luxembourg;2016;0.904
Luxembourg;2017;0.908
Madagascar;2004;0.472
Madagascar;2005;0.479
Madagascar;2006;0.484
Madagascar;2007;0.491
Madagascar;2008;0.500
Madagascar;2009;0.503
Madagascar;2010;0.504
Madagascar;2011;0.504
Madagascar;2012;0.507
Madagascar;2013;0.509
Madagascar;2014;0.512
Madagascar;2015;0.514
Madagascar;2016;0.515
Madagascar;2017;0.518
Malawi;2004;0.368
Malawi;2005;0.373
Malawi;2006;0.383
Malawi;2007;0.394
Malawi;2008;0.411
Malawi;2009;0.426
Malawi;2010;0.437
Malawi;2011;0.447
Malawi;2012;0.452
Malawi;2013;0.463
Malawi;2014;0.472
Malawi;2015;0.475
Malawi;2016;0.478
Malawi;2017;0.482
Malaysia;2004;0.734
Malaysia;2005;0.732
Malaysia;2006;0.738
Malaysia;2007;0.751
Malaysia;2008;0.762
Malaysia;2009;0.766
Malaysia;2010;0.773
Malaysia;2011;0.779
Malaysia;2012;0.782
Malaysia;2013;0.787
Malaysia;2014;0.792
Malaysia;2015;0.797
Malaysia;2016;0.801
Malaysia;2017;0.802
Maldives;2004;0.638
Maldives;2005;0.632
Maldives;2006;0.647
Maldives;2007;0.647
Maldives;2008;0.657
Maldives;2009;0.658
Maldives;2010;0.669
Maldives;2011;0.681
Maldives;2012;0.688
Maldives;2013;0.693
Maldives;2014;0.702
Maldives;2015;0.709
Maldives;2016;0.713
Maldives;2017;0.716
Mali;2004;0.352
Mali;2005;0.363
Mali;2006;0.372
Mali;2007;0.367
Mali;2008;0.390
Mali;2009;0.398
Mali;2010;0.403
Mali;2011;0.408
Mali;2012;0.408
Mali;2013;0.408
Mali;2014;0.414
Mali;2015;0.412
Mali;2016;0.420
Mali;2017;0.426
Malta;2004;0.813
Malta;2005;0.828
Malta;2006;0.826
Malta;2007;0.831
Malta;2008;0.833
Malta;2009;0.835
Malta;2010;0.847
Malta;2011;0.848
Malta;2012;0.854
Malta;2013;0.861
Malta;2014;0.868
Malta;2015;0.877
Malta;2016;0.881
Malta;2017;0.883
Marocco;2004;0.573
Marocco;2005;0.581
Marocco;2006;0.588
Marocco;2007;0.596
Marocco;2008;0.603
Marocco;2009;0.609
Marocco;2010;0.618
Marocco;2011;0.627
Marocco;2012;0.636
Marocco;2013;0.646
Marocco;2014;0.653
Marocco;2015;0.660
Marocco;2016;0.669
Marocco;2017;0.675
Mauritania;2004;0.465
Mauritania;2005;0.470
Mauritania;2006;0.479
Mauritania;2007;0.479
Mauritania;2008;0.480
Mauritania;2009;0.487
Mauritania;2010;0.490
Mauritania;2011;0.494
Mauritania;2012;0.503
Mauritania;2013;0.511
Mauritania;2014;0.518
Mauritania;2015;0.521
Mauritania;2016;0.519
Mauritania;2017;0.524
Mauritius;2004;0.705
Mauritius;2005;0.713
Mauritius;2006;0.720
Mauritius;2007;0.728
Mauritius;2008;0.734
Mauritius;2009;0.742
Mauritius;2010;0.748
Mauritius;2011;0.756
Mauritius;2012;0.768
Mauritius;2013;0.775
Mauritius;2014;0.786
Mauritius;2015;0.786
Mauritius;2016;0.790
Mauritius;2017;0.793
Mexico;2004;0.726
Mexico;2005;0.729
Mexico;2006;0.737
Mexico;2007;0.738
Mexico;2008;0.740
Mexico;2009;0.739
Mexico;2010;0.739
Mexico;2011;0.746
Mexico;2012;0.752
Mexico;2013;0.750
Mexico;2014;0.754
Mexico;2015;0.759
Mexico;2016;0.764
Mexico;2017;0.765
Micronesia;2004;0.564
Micronesia;2005;0.572
Micronesia;2006;0.578
Micronesia;2007;0.583
Micronesia;2008;0.587
Micronesia;2009;0.590
Micronesia;2010;0.595
Micronesia;2011;0.598
Micronesia;2012;0.599
Micronesia;2013;0.599
Micronesia;2014;0.598
Micronesia;2015;0.606
Micronesia;2016;0.608
Micronesia;2017;0.612
Mongolia;2004;0.636
Mongolia;2005;0.649
Mongolia;2006;0.660
Mongolia;2007;0.671
Mongolia;2008;0.682
Mongolia;2009;0.688
Mongolia;2010;0.697
Mongolia;2011;0.711
Mongolia;2012;0.719
Mongolia;2013;0.728
Mongolia;2014;0.733
Mongolia;2015;0.736
Mongolia;2016;0.730
Mongolia;2017;0.729
Montenegro;2004;0.748
Montenegro;2005;0.753
Montenegro;2006;0.764
Montenegro;2007;0.775
Montenegro;2008;0.785
Montenegro;2009;0.787
Montenegro;2010;0.793
Montenegro;2011;0.797
Montenegro;2012;0.798
Montenegro;2013;0.801
Montenegro;2014;0.803
Montenegro;2015;0.807
Montenegro;2016;0.809
Montenegro;2017;0.813
Mozambique;2004;0.343
Mozambique;2005;0.354
Mozambique;2006;0.361
Mozambique;2007;0.372
Mozambique;2008;0.381
Mozambique;2009;0.389
Mozambique;2010;0.396
Mozambique;2011;0.391
Mozambique;2012;0.398
Mozambique;2013;0.412
Mozambique;2014;0.420
Mozambique;2015;0.428
Mozambique;2016;0.435
Mozambique;2017;0.442
Myanmar;2004;0.460
Myanmar;2005;0.470
Myanmar;2006;0.479
Myanmar;2007;0.490
Myanmar;2008;0.501
Myanmar;2009;0.512
Myanmar;2010;0.523
Myanmar;2011;0.534
Myanmar;2012;0.541
Myanmar;2013;0.551
Myanmar;2014;0.558
Myanmar;2015;0.565
Myanmar;2016;0.571
Myanmar;2017;0.577
Namibia;2004;0.544
Namibia;2005;0.544
Namibia;2006;0.550
Namibia;2007;0.558
Namibia;2008;0.566
Namibia;2009;0.575
Namibia;2010;0.588
Namibia;2011;0.601
Namibia;2012;0.612
Namibia;2013;0.622
Namibia;2014;0.631
Namibia;2015;0.637
Namibia;2016;0.639
Namibia;2017;0.643
Nepal;2004;0.468
Nepal;2005;0.474
Nepal;2006;0.484
Nepal;2007;0.490
Nepal;2008;0.500
Nepal;2009;0.513
Nepal;2010;0.527
Nepal;2011;0.534
Nepal;2012;0.548
Nepal;2013;0.555
Nepal;2014;0.562
Nepal;2015;0.568
Nepal;2016;0.572
Nepal;2017;0.574
Netherlands;2004;0.886
Netherlands;2005;0.891
Netherlands;2006;0.897
Netherlands;2007;0.904
Netherlands;2008;0.906
Netherlands;2009;0.906
Netherlands;2010;0.911
Netherlands;2011;0.922
Netherlands;2012;0.921
Netherlands;2013;0.924
Netherlands;2014;0.925
Netherlands;2015;0.927
Netherlands;2016;0.929
Netherlands;2017;0.932
New Zealand;2004;0.887
New Zealand;2005;0.889
New Zealand;2006;0.892
New Zealand;2007;0.894
New Zealand;2008;0.895
New Zealand;2009;0.898
New Zealand;2010;0.899
New Zealand;2011;0.902
New Zealand;2012;0.905
New Zealand;2013;0.907
New Zealand;2014;0.910
New Zealand;2015;0.914
New Zealand;2016;0.917
New Zealand;2017;0.920
Nicaragua;2004;0.589
Nicaragua;2005;0.593
Nicaragua;2006;0.596
Nicaragua;2007;0.602
Nicaragua;2008;0.607
Nicaragua;2009;0.608
Nicaragua;2010;0.614
Nicaragua;2011;0.619
Nicaragua;2012;0.625
Nicaragua;2013;0.630
Nicaragua;2014;0.640
Nicaragua;2015;0.644
Nicaragua;2016;0.649
Nicaragua;2017;0.653
Niger;2004;0.276
Niger;2005;0.283
Niger;2006;0.290
Niger;2007;0.295
Niger;2008;0.304
Niger;2009;0.309
Niger;2010;0.319
Niger;2011;0.326
Niger;2012;0.338
Niger;2013;0.345
Niger;2014;0.353
Niger;2015;0.360
Niger;2016;0.365
Niger;2017;0.373
Nigeria;2004;0.462
Nigeria;2005;0.467
Nigeria;2006;0.474
Nigeria;2007;0.479
Nigeria;2008;0.485
Nigeria;2009;0.491
Nigeria;2010;0.484
Nigeria;2011;0.494
Nigeria;2012;0.502
Nigeria;2013;0.520
Nigeria;2014;0.523
Nigeria;2015;0.527
Nigeria;2016;0.528
Nigeria;2017;0.533
North Macedonia;2004;0.693
North Macedonia;2005;0.702
North Macedonia;2006;0.708
North Macedonia;2007;0.713
North Macedonia;2008;0.729
North Macedonia;2009;0.731
North Macedonia;2010;0.735
North Macedonia;2011;0.739
North Macedonia;2012;0.740
North Macedonia;2013;0.743
North Macedonia;2014;0.747
North Macedonia;2015;0.753
North Macedonia;2016;0.757
North Macedonia;2017;0.758
Norway;2004;0.934
Norway;2005;0.932
Norway;2006;0.936
Norway;2007;0.938
Norway;2008;0.938
Norway;2009;0.938
Norway;2010;0.942
Norway;2011;0.943
Norway;2012;0.942
Norway;2013;0.946
Norway;2014;0.945
Norway;2015;0.948
Norway;2016;0.951
Norway;2017;0.953
Oman;2004;0.742
Oman;2005;0.748
Oman;2006;0.752
Oman;2007;0.764
Oman;2008;0.782
Oman;2009;0.789
Oman;2010;0.793
Oman;2011;0.795
Oman;2012;0.804
Oman;2013;0.811
Oman;2014;0.815
Oman;2015;0.827
Oman;2016;0.834
Oman;2017;0.833
Pakistan;2004;0.486
Pakistan;2005;0.499
Pakistan;2006;0.503
Pakistan;2007;0.511
Pakistan;2008;0.513
Pakistan;2009;0.520
Pakistan;2010;0.524
Pakistan;2011;0.528
Pakistan;2012;0.533
Pakistan;2013;0.537
Pakistan;2014;0.546
Pakistan;2015;0.550
Pakistan;2016;0.556
Pakistan;2017;0.558
Palau;2004;0.752
Palau;2005;0.759
Palau;2006;0.761
Palau;2007;0.766
Palau;2008;0.767
Palau;2009;0.772
Palau;2010;0.776
Palau;2011;0.783
Palau;2012;0.787
Palau;2013;0.811
Palau;2014;0.809
Palau;2015;0.803
Palau;2016;0.808
Palau;2017;0.811
Palestine;2004;0.638
Palestine;2005;0.646
Palestine;2006;0.647
Palestine;2007;0.657
Palestine;2008;0.661
Palestine;2009;0.666
Palestine;2010;0.671
Palestine;2011;0.679
Palestine;2012;0.684
Palestine;2013;0.681
Palestine;2014;0.682
Palestine;2015;0.685
Palestine;2016;0.687
Palestine;2017;0.689
Panama;2004;0.735
Panama;2005;0.739
Panama;2006;0.744
Panama;2007;0.751
Panama;2008;0.755
Panama;2009;0.756
Panama;2010;0.758
Panama;2011;0.764
Panama;2012;0.770
Panama;2013;0.775
Panama;2014;0.779
Panama;2015;0.782
Panama;2016;0.789
Panama;2017;0.793
Papua New Guinea;2004;0.459
Papua New Guinea;2005;0.468
Papua New Guinea;2006;0.473
Papua New Guinea;2007;0.486
Papua New Guinea;2008;0.490
Papua New Guinea;2009;0.500
Papua New Guinea;2010;0.510
Papua New Guinea;2011;0.517
Papua New Guinea;2012;0.508
Papua New Guinea;2013;0.521
Papua New Guinea;2014;0.531
Papua New Guinea;2015;0.539
Papua New Guinea;2016;0.541
Papua New Guinea;2017;0.543
Paraguay;2004;0.664
Paraguay;2005;0.667
Paraguay;2006;0.666
Paraguay;2007;0.671
Paraguay;2008;0.680
Paraguay;2009;0.678
Paraguay;2010;0.692
Paraguay;2011;0.697
Paraguay;2012;0.697
Paraguay;2013;0.709
Paraguay;2014;0.712
Paraguay;2015;0.718
Paraguay;2016;0.718
Paraguay;2017;0.722
Peru;2004;0.694
Peru;2005;0.700
Peru;2006;0.697
Peru;2007;0.705
Peru;2008;0.715
Peru;2009;0.718
Peru;2010;0.721
Peru;2011;0.734
Peru;2012;0.734
Peru;2013;0.742
Peru;2014;0.752
Peru;2015;0.750
Peru;2016;0.755
Peru;2017;0.756
Philippines;2004;0.653
Philippines;2005;0.656
Philippines;2006;0.657
Philippines;2007;0.663
Philippines;2008;0.667
Philippines;2009;0.666
Philippines;2010;0.672
Philippines;2011;0.677
Philippines;2012;0.684
Philippines;2013;0.692
Philippines;2014;0.697
Philippines;2015;0.702
Philippines;2016;0.704
Philippines;2017;0.709
Poland;2004;0.802
Poland;2005;0.808
Poland;2006;0.813
Poland;2007;0.819
Poland;2008;0.824
Poland;2009;0.828
Poland;2010;0.835
Poland;2011;0.840
Poland;2012;0.836
Poland;2013;0.851
Poland;2014;0.853
Poland;2015;0.858
Poland;2016;0.864
Poland;2017;0.868
Portugal;2004;0.797
Portugal;2005;0.800
Portugal;2006;0.803
Portugal;2007;0.810
Portugal;2008;0.814
Portugal;2009;0.817
Portugal;2010;0.822
Portugal;2011;0.827
Portugal;2012;0.829
Portugal;2013;0.837
Portugal;2014;0.840
Portugal;2015;0.843
Portugal;2016;0.846
Portugal;2017;0.848
Republic of Moldova;2004;0.651
Republic of Moldova;2005;0.658
Republic of Moldova;2006;0.667
Republic of Moldova;2007;0.672
Republic of Moldova;2008;0.677
Republic of Moldova;2009;0.673
Republic of Moldova;2010;0.681
Republic of Moldova;2011;0.687
Republic of Moldova;2012;0.693
Republic of Moldova;2013;0.702
Republic of Moldova;2014;0.705
Republic of Moldova;2015;0.703
Republic of Moldova;2016;0.705
Republic of Moldova;2017;0.709
Qatar;2004;0.832
Qatar;2005;0.838
Qatar;2006;0.835
Qatar;2007;0.838
Qatar;2008;0.843
Qatar;2009;0.841
Qatar;2010;0.834
Qatar;2011;0.845
Qatar;2012;0.850
Qatar;2013;0.857
Qatar;2014;0.854
Qatar;2015;0.851
Qatar;2016;0.847
Qatar;2017;0.848
Romania;2004;0.745
Romania;2005;0.755
Romania;2006;0.766
Romania;2007;0.780
Romania;2008;0.795
Romania;2009;0.798
Romania;2010;0.797
Romania;2011;0.798
Romania;2012;0.796
Romania;2013;0.800
Romania;2014;0.803
Romania;2015;0.806
Romania;2016;0.808
Romania;2017;0.813
Russian Federation;2004;0.746
Russian Federation;2005;0.752
Russian Federation;2006;0.759
Russian Federation;2007;0.767
Russian Federation;2008;0.774
Russian Federation;2009;0.771
Russian Federation;2010;0.780
Russian Federation;2011;0.789
Russian Federation;2012;0.797
Russian Federation;2013;0.803
Russian Federation;2014;0.807
Russian Federation;2015;0.813
Russian Federation;2016;0.817
Russian Federation;2017;0.822
Rwanda;2004;0.391
Rwanda;2005;0.409
Rwanda;2006;0.430
Rwanda;2007;0.446
Rwanda;2008;0.456
Rwanda;2009;0.472
Rwanda;2010;0.488
Rwanda;2011;0.496
Rwanda;2012;0.504
Rwanda;2013;0.506
Rwanda;2014;0.513
Rwanda;2015;0.515
Rwanda;2016;0.525
Rwanda;2017;0.529
Saint Kitts and Nevis;2004;0
Saint Kitts and Nevis;2005;0.713
Saint Kitts and Nevis;2006;0.720
Saint Kitts and Nevis;2007;0.725
Saint Kitts and Nevis;2008;0.740
Saint Kitts and Nevis;2009;0.742
Saint Kitts and Nevis;2010;0.747
Saint Kitts and Nevis;2011;0.751
Saint Kitts and Nevis;2012;0.748
Saint Kitts and Nevis;2013;0.767
Saint Kitts and Nevis;2014;0.768
Saint Kitts and Nevis;2015;0.769
Saint Kitts and Nevis;2016;0.772
Saint Kitts and Nevis;2017;0.774
Saint Lucia;2004;0.694
Saint Lucia;2005;0.698
Saint Lucia;2006;0.712
Saint Lucia;2007;0.712
Saint Lucia;2008;0.723
Saint Lucia;2009;0.726
Saint Lucia;2010;0.730
Saint Lucia;2011;0.736
Saint Lucia;2012;0.731
Saint Lucia;2013;0.726
Saint Lucia;2014;0.728
Saint Lucia;2015;0.736
Saint Lucia;2016;0.744
Saint Lucia;2017;0.744
Saint Vincent and the Grenadines;2004;0.693
Saint Vincent and the Grenadines;2005;0.698
Saint Vincent and the Grenadines;2006;0.704
Saint Vincent and the Grenadines;2007;0.705
Saint Vincent and the Grenadines;2008;0.713
Saint Vincent and the Grenadines;2009;0.713
Saint Vincent and the Grenadines;2010;0.711
Saint Vincent and the Grenadines;2011;0.713
Saint Vincent and the Grenadines;2012;0.713
Saint Vincent and the Grenadines;2013;0.714
Saint Vincent and the Grenadines;2014;0.715
Saint Vincent and the Grenadines;2015;0.721
Saint Vincent and the Grenadines;2016;0.725
Saint Vincent and the Grenadines;2017;0.726
Samoa;2004;0.666
Samoa;2005;0.670
Samoa;2006;0.673
Samoa;2007;0.679
Samoa;2008;0.681
Samoa;2009;0.683
Samoa;2010;0.690
Samoa;2011;0.695
Samoa;2012;0.696
Samoa;2013;0.696
Samoa;2014;0.698
Samoa;2015;0.699
Samoa;2016;0.704
Samoa;2017;0.706
Sao Tome and Principe;2004;0.509
Sao Tome and Principe;2005;0.517
Sao Tome and Principe;2006;0.526
Sao Tome and Principe;2007;0.531
Sao Tome and Principe;2008;0.532
Sao Tome and Principe;2009;0.541
Sao Tome and Principe;2010;0.546
Sao Tome and Principe;2011;0.553
Sao Tome and Principe;2012;0.558
Sao Tome and Principe;2013;0.568
Sao Tome and Principe;2014;0.577
Sao Tome and Principe;2015;0.590
Sao Tome and Principe;2016;0.593
Sao Tome and Principe;2017;0.603
Saudi Arabia;2004;0.765
Saudi Arabia;2005;0.771
Saudi Arabia;2006;0.778
Saudi Arabia;2007;0.784
Saudi Arabia;2008;0.793
Saudi Arabia;2009;0.797
Saudi Arabia;2010;0.810
Saudi Arabia;2011;0.824
Saudi Arabia;2012;0.837
Saudi Arabia;2013;0.846
Saudi Arabia;2014;0.853
Saudi Arabia;2015;0.857
Saudi Arabia;2016;0.857
Saudi Arabia;2017;0.856
Senegal;2004;0.426
Senegal;2005;0.434
Senegal;2006;0.439
Senegal;2007;0.448
Senegal;2008;0.458
Senegal;2009;0.462
Senegal;2010;0.468
Senegal;2011;0.479
Senegal;2012;0.489
Senegal;2013;0.494
Senegal;2014;0.501
Senegal;2015;0.504
Senegal;2016;0.506
Senegal;2017;0.510
Serbia;2004;0.734
Serbia;2005;0.742
Serbia;2006;0.750
Serbia;2007;0.754
Serbia;2008;0.760
Serbia;2009;0.762
Serbia;2010;0.762
Serbia;2011;0.772
Serbia;2012;0.772
Serbia;2013;0.775
Serbia;2014;0.780
Serbia;2015;0.785
Serbia;2016;0.791
Serbia;2017;0.794
Seychelles;2004;0.715
Seychelles;2005;0.731
Seychelles;2006;0.720
Seychelles;2007;0.744
Seychelles;2008;0.748
Seychelles;2009;0.754
Seychelles;2010;0.762
Seychelles;2011;0.755
Seychelles;2012;0.777
Seychelles;2013;0.782
Seychelles;2014;0.796
Seychelles;2015;0.801
Seychelles;2016;0.801
Seychelles;2017;0.800
Sierra Leone;2004;0.338
Sierra Leone;2005;0.346
Sierra Leone;2006;0.354
Sierra Leone;2007;0.368
Sierra Leone;2008;0.378
Sierra Leone;2009;0.386
Sierra Leone;2010;0.391
Sierra Leone;2011;0.398
Sierra Leone;2012;0.413
Sierra Leone;2013;0.426
Sierra Leone;2014;0.430
Sierra Leone;2015;0.422
Sierra Leone;2016;0.423
Sierra Leone;2017;0.435
Singapore;2004;0.846
Singapore;2005;0.869
Singapore;2006;0.872
Singapore;2007;0.879
Singapore;2008;0.884
Singapore;2009;0.885
Singapore;2010;0.909
Singapore;2011;0.914
Singapore;2012;0.920
Singapore;2013;0.923
Singapore;2014;0.928
Singapore;2015;0.929
Singapore;2016;0.933
Singapore;2017;0.934
Slovakia;2004;0.785
Slovakia;2005;0.794
Slovakia;2006;0.803
Slovakia;2007;0.814
Slovakia;2008;0.822
Slovakia;2009;0.823
Slovakia;2010;0.829
Slovakia;2011;0.836
Slovakia;2012;0.841
Slovakia;2013;0.844
Slovakia;2014;0.845
Slovakia;2015;0.849
Slovakia;2016;0.851
Slovakia;2017;0.854
Slovenia;2004;0.857
Slovenia;2005;0.861
Slovenia;2006;0.868
Slovenia;2007;0.873
Slovenia;2008;0.878
Slovenia;2009;0.877
Slovenia;2010;0.881
Slovenia;2011;0.883
Slovenia;2012;0.876
Slovenia;2013;0.884
Slovenia;2014;0.886
Slovenia;2015;0.886
Slovenia;2016;0.892
Slovenia;2017;0.899
Solomon Islands;2004;0.498
Solomon Islands;2005;0.503
Solomon Islands;2006;0.515
Solomon Islands;2007;0.517
Solomon Islands;2008;0.517
Solomon Islands;2009;0.506
Solomon Islands;2010;0.524
Solomon Islands;2011;0.532
Solomon Islands;2012;0.546
Solomon Islands;2013;0.550
Solomon Islands;2014;0.551
Solomon Islands;2015;0.555
Solomon Islands;2016;0.553
Solomon Islands;2017;0.555
South Africa;2004;0.618
South Africa;2005;0.620
South Africa;2006;0.624
South Africa;2007;0.631
South Africa;2008;0.644
South Africa;2009;0.654
South Africa;2010;0.662
South Africa;2011;0.663
South Africa;2012;0.673
South Africa;2013;0.683
South Africa;2014;0.691
South Africa;2015;0.699
South Africa;2016;0.702
South Africa;2017;0.704
South Korea;2004;0.847
South Korea;2005;0.855
South Korea;2006;0.862
South Korea;2007;0.869
South Korea;2008;0.874
South Korea;2009;0.871
South Korea;2010;0.882
South Korea;2011;0.888
South Korea;2012;0.890
South Korea;2013;0.893
South Korea;2014;0.896
South Korea;2015;0.899
South Korea;2016;0.901
South Korea;2017;0.904
South Sudan;2004;0
South Sudan;2005;0
South Sudan;2006;0
South Sudan;2007;0
South Sudan;2008;0
South Sudan;2009;0
South Sudan;2010;0.425
South Sudan;2011;0.443
South Sudan;2012;0.438
South Sudan;2013;0.439
South Sudan;2014;0.435
South Sudan;2015;0.428
South Sudan;2016;0.418
South Sudan;2017;0.414
Spain;2004;0.837
Spain;2005;0.844
Spain;2006;0.848
Spain;2007;0.853
Spain;2008;0.856
Spain;2009;0.858
Spain;2010;0.865
Spain;2011;0.870
Spain;2012;0.873
Spain;2013;0.875
Spain;2014;0.880
Spain;2015;0.885
Spain;2016;0.888
Spain;2017;0.891
Sri Lanka;2004;0.715
Sri Lanka;2005;0.721
Sri Lanka;2006;0.728
Sri Lanka;2007;0.734
Sri Lanka;2008;0.742
Sri Lanka;2009;0.745
Sri Lanka;2010;0.750
Sri Lanka;2011;0.756
Sri Lanka;2012;0.762
Sri Lanka;2013;0.765
Sri Lanka;2014;0.769
Sri Lanka;2015;0.772
Sri Lanka;2016;0.774
Sri Lanka;2017;0.776
Sudan;2004;0.430
Sudan;2005;0.437
Sudan;2006;0.447
Sudan;2007;0.452
Sudan;2008;0.464
Sudan;2009;0.469
Sudan;2010;0.471
Sudan;2011;0.475
Sudan;2012;0.485
Sudan;2013;0.477
Sudan;2014;0.496
Sudan;2015;0.501
Sudan;2016;0.505
Sudan;2017;0.507
Suriname;2004;0.671
Suriname;2005;0.676
Suriname;2006;0.682
Suriname;2007;0.687
Suriname;2008;0.692
Suriname;2009;0.698
Suriname;2010;0.701
Suriname;2011;0.708
Suriname;2012;0.720
Suriname;2013;0.724
Suriname;2014;0.726
Suriname;2015;0.730
Suriname;2016;0.726
Suriname;2017;0.722
Sweden;2004;0.896
Sweden;2005;0.899
Sweden;2006;0.902
Sweden;2007;0.905
Sweden;2008;0.901
Sweden;2009;0.899
Sweden;2010;0.906
Sweden;2011;0.906
Sweden;2012;0.908
Sweden;2013;0.927
Sweden;2014;0.929
Sweden;2015;0.932
Sweden;2016;0.934
Sweden;2017;0.935
Switzerland;2004;0.901
Switzerland;2005;0.906
Switzerland;2006;0.912
Switzerland;2007;0.915
Switzerland;2008;0.917
Switzerland;2009;0.927
Switzerland;2010;0.932
Switzerland;2011;0.932
Switzerland;2012;0.935
Switzerland;2013;0.938
Switzerland;2014;0.939
Switzerland;2015;0.943
Switzerland;2016;0.943
Switzerland;2017;0.943
Syria;2004;0.623
Syria;2005;0.635
Syria;2006;0.643
Syria;2007;0.649
Syria;2008;0.646
Syria;2009;0.648
Syria;2010;0.644
Syria;2011;0.642
Syria;2012;0.631
Syria;2013;0.572
Syria;2014;0.551
Syria;2015;0.540
Syria;2016;0.539
Syria;2017;0.544
Tajikistan;2004;0.582
Tajikistan;2005;0.590
Tajikistan;2006;0.596
Tajikistan;2007;0.602
Tajikistan;2008;0.616
Tajikistan;2009;0.619
Tajikistan;2010;0.630
Tajikistan;2011;0.634
Tajikistan;2012;0.639
Tajikistan;2013;0.643
Tajikistan;2014;0.642
Tajikistan;2015;0.642
Tajikistan;2016;0.647
Tajikistan;2017;0.651
Tanzania;2004;0.431
Tanzania;2005;0.442
Tanzania;2006;0.452
Tanzania;2007;0.461
Tanzania;2008;0.470
Tanzania;2009;0.479
Tanzania;2010;0.487
Tanzania;2011;0.492
Tanzania;2012;0.501
Tanzania;2013;0.503
Tanzania;2014;0.509
Tanzania;2015;0.519
Tanzania;2016;0.518
Tanzania;2017;0.522
Thailand;2004;0.683
Thailand;2005;0.693
Thailand;2006;0.694
Thailand;2007;0.710
Thailand;2008;0.714
Thailand;2009;0.718
Thailand;2010;0.721
Thailand;2011;0.729
Thailand;2012;0.733
Thailand;2013;0.731
Thailand;2014;0.739
Thailand;2015;0.746
Thailand;2016;0.753
Thailand;2017;0.762
Togo;2004;0.435
Togo;2005;0.437
Togo;2006;0.444
Togo;2007;0.441
Togo;2008;0.449
Togo;2009;0.458
Togo;2010;0.468
Togo;2011;0.480
Togo;2012;0.484
Togo;2013;0.490
Togo;2014;0.495
Togo;2015;0.502
Togo;2016;0.506
Togo;2017;0.510
Tonga;2004;0.674
Tonga;2005;0.674
Tonga;2006;0.675
Tonga;2007;0.678
Tonga;2008;0.681
Tonga;2009;0.686
Tonga;2010;0.692
Tonga;2011;0.696
Tonga;2012;0.700
Tonga;2013;0.699
Tonga;2014;0.699
Tonga;2015;0.714
Tonga;2016;0.715
Tonga;2017;0.717
Trinidad and Tobago;2004;0.753
Trinidad and Tobago;2005;0.751
Trinidad and Tobago;2006;0.767
Trinidad and Tobago;2007;0.777
Trinidad and Tobago;2008;0.784
Trinidad and Tobago;2009;0.786
Trinidad and Tobago;2010;0.788
Trinidad and Tobago;2011;0.786
Trinidad and Tobago;2012;0.784
Trinidad and Tobago;2013;0.787
Trinidad and Tobago;2014;0.788
Trinidad and Tobago;2015;0.796
Trinidad and Tobago;2016;0.796
Trinidad and Tobago;2017;0.799
Tunisia;2004;0.682
Tunisia;2005;0.689
Tunisia;2006;0.695
Tunisia;2007;0.701
Tunisia;2008;0.708
Tunisia;2009;0.710
Tunisia;2010;0.717
Tunisia;2011;0.719
Tunisia;2012;0.721
Tunisia;2013;0.725
Tunisia;2014;0.728
Tunisia;2015;0.731
Tunisia;2016;0.736
Tunisia;2017;0.738
Turkey;2004;0.685
Turkey;2005;0.691
Turkey;2006;0.702
Turkey;2007;0.709
Turkey;2008;0.714
Turkey;2009;0.721
Turkey;2010;0.743
Turkey;2011;0.759
Turkey;2012;0.765
Turkey;2013;0.781
Turkey;2014;0.792
Turkey;2015;0.800
Turkey;2016;0.800
Turkey;2017;0.805
Turkmenistan;2004;0
Turkmenistan;2005;0
Turkmenistan;2006;0
Turkmenistan;2007;0
Turkmenistan;2008;0
Turkmenistan;2009;0
Turkmenistan;2010;0.673
Turkmenistan;2011;0.680
Turkmenistan;2012;0.686
Turkmenistan;2013;0.691
Turkmenistan;2014;0.696
Turkmenistan;2015;0.701
Turkmenistan;2016;0.706
Turkmenistan;2017;0.708
Uganda;2004;0.427
Uganda;2005;0.434
Uganda;2006;0.447
Uganda;2007;0.457
Uganda;2008;0.469
Uganda;2009;0.478
Uganda;2010;0.489
Uganda;2011;0.494
Uganda;2012;0.497
Uganda;2013;0.503
Uganda;2014;0.509
Uganda;2015;0.515
Uganda;2016;0.520
Uganda;2017;0.522
Ukraine;2004;0.706
Ukraine;2005;0.715
Ukraine;2006;0.722
Ukraine;2007;0.729
Ukraine;2008;0.733
Ukraine;2009;0.727
Ukraine;2010;0.732
Ukraine;2011;0.737
Ukraine;2012;0.742
Ukraine;2013;0.744
Ukraine;2014;0.747
Ukraine;2015;0.742
Ukraine;2016;0.746
Ukraine;2017;0.747
United Arab Emirates;2004;0.803
United Arab Emirates;2005;0.809
United Arab Emirates;2006;0.814
United Arab Emirates;2007;0.819
United Arab Emirates;2008;0.821
United Arab Emirates;2009;0.819
United Arab Emirates;2010;0.821
United Arab Emirates;2011;0.826
United Arab Emirates;2012;0.832
United Arab Emirates;2013;0.839
United Arab Emirates;2014;0.847
United Arab Emirates;2015;0.860
United Arab Emirates;2016;0.863
United Arab Emirates;2017;0.864
United Kingdom;2004;0.886
United Kingdom;2005;0.890
United Kingdom;2006;0.889
United Kingdom;2007;0.892
United Kingdom;2008;0.896
United Kingdom;2009;0.899
United Kingdom;2010;0.905
United Kingdom;2011;0.899
United Kingdom;2012;0.897
United Kingdom;2013;0.914
United Kingdom;2014;0.918
United Kingdom;2015;0.916
United Kingdom;2016;0.918
United Kingdom;2017;0.919
Uruguay;2004;0.754
Uruguay;2005;0.756
Uruguay;2006;0.761
Uruguay;2007;0.763
Uruguay;2008;0.767
Uruguay;2009;0.779
Uruguay;2010;0.774
Uruguay;2011;0.783
Uruguay;2012;0.788
Uruguay;2013;0.797
Uruguay;2014;0.800
Uruguay;2015;0.802
Uruguay;2016;0.806
Uruguay;2017;0.807
USA;2004;0.892
USA;2005;0.896
USA;2006;0.899
USA;2007;0.902
USA;2008;0.907
USA;2009;0.908
USA;2010;0.911
USA;2011;0.914
USA;2012;0.916
USA;2013;0.914
USA;2014;0.915
USA;2015;0.917
USA;2016;0.919
USA;2017;0.919
Uzbekistan;2004;0.622
Uzbekistan;2005;0.629
Uzbekistan;2006;0.635
Uzbekistan;2007;0.646
Uzbekistan;2008;0.653
Uzbekistan;2009;0.658
Uzbekistan;2010;0.665
Uzbekistan;2011;0.672
Uzbekistan;2012;0.681
Uzbekistan;2013;0.688
Uzbekistan;2014;0.693
Uzbekistan;2015;0.696
Uzbekistan;2016;0.701
Uzbekistan;2017;0.707
Vanuatu;2004;0
Vanuatu;2005;0.569
Vanuatu;2006;0.575
Vanuatu;2007;0.577
Vanuatu;2008;0.584
Vanuatu;2009;0.584
Vanuatu;2010;0.585
Vanuatu;2011;0.585
Vanuatu;2012;0.584
Vanuatu;2013;0.588
Vanuatu;2014;0.589
Vanuatu;2015;0.592
Vanuatu;2016;0.592
Vanuatu;2017;0.595
Venezuela;2004;0.700
Venezuela;2005;0.714
Venezuela;2006;0.727
Venezuela;2007;0.743
Venezuela;2008;0.753
Venezuela;2009;0.752
Venezuela;2010;0.753
Venezuela;2011;0.764
Venezuela;2012;0.767
Venezuela;2013;0.772
Venezuela;2014;0.770
Venezuela;2015;0.763
Venezuela;2016;0.752
Venezuela;2017;0.735
Viet Nam;2004;0.612
Viet Nam;2005;0.616
Viet Nam;2006;0.624
Viet Nam;2007;0.632
Viet Nam;2008;0.639
Viet Nam;2009;0.650
Viet Nam;2010;0.653
Viet Nam;2011;0.663
Viet Nam;2012;0.668
Viet Nam;2013;0.673
Viet Nam;2014;0.675
Viet Nam;2015;0.680
Viet Nam;2016;0.685
Viet Nam;2017;0.690
Yemen;2004;0.471
Yemen;2005;0.472
Yemen;2006;0.478
Yemen;2007;0.486
Yemen;2008;0.488
Yemen;2009;0.503
Yemen;2010;0.499
Yemen;2011;0.511
Yemen;2012;0.501
Yemen;2013;0.506
Yemen;2014;0.504
Yemen;2015;0.493
Yemen;2016;0.477
Yemen;2017;0.463
Zambia;2004;0.464
Zambia;2005;0.475
Zambia;2006;0.486
Zambia;2007;0.492
Zambia;2008;0.507
Zambia;2009;0.521
Zambia;2010;0.531
Zambia;2011;0.541
Zambia;2012;0.552
Zambia;2013;0.559
Zambia;2014;0.565
Zambia;2015;0.570
Zambia;2016;0.580
Zambia;2017;0.589
Zimbabwe;2004;0.427
Zimbabwe;2005;0.425
Zimbabwe;2006;0.429
Zimbabwe;2007;0.434
Zimbabwe;2008;0.432
Zimbabwe;2009;0.448
Zimbabwe;2010;0.472
Zimbabwe;2011;0.490
Zimbabwe;2012;0.516
Zimbabwe;2013;0.527
Zimbabwe;2014;0.537
Zimbabwe;2015;0.544
Zimbabwe;2016;0.549
Zimbabwe;2017;0.553
